2;6;6;0;1;Escorpion;4484;26/04/2016
2;5;6;4;1;Aries;4483;25/04/2016
2;2;3;5;9;Cancer;4482;24/04/2016
2;3;4;4;8;Leo;4481;23/04/2016
2;6;4;5;1;Sagitario;4480;22/04/2016
2;5;2;2;4;Leo;4479;21/04/2016
2;4;0;8;5;Cancer;4478;20/04/2016
2;8;8;3;2;Libra;4477;19/04/2016
2;9;9;5;4;Acuario;4476;18/04/2016
2;8;3;0;7;Escorpion;4475;17/04/2016
2;6;6;0;4;Virgo;4474;16/04/2016
2;3;6;8;0;Sagitario;4473;15/04/2016
2;3;4;2;8;Tauro;4472;14/04/2016
2;4;7;7;0;Acuario;4471;13/04/2016
2;2;2;8;6;Escorpion;4470;12/04/2016
2;6;1;3;1;Escorpion;4469;11/04/2016
2;2;8;4;5;Leo;4468;10/04/2016
2;2;2;2;9;Cancer;4467;09/04/2016
2;1;6;9;0;Escorpion;4466;08/04/2016
2;5;8;7;4;Capricornio;4465;07/04/2016
2;9;5;9;6;Geminis;4464;06/04/2016
2;9;1;9;5;Piscis;4463;05/04/2016
2;6;7;3;2;Leo;4462;04/04/2016
2;9;9;5;1;Virgo;4461;03/04/2016
2;7;0;7;1;Escorpion;4460;02/04/2016
2;5;2;4;2;Geminis;4459;01/04/2016
2;1;7;5;5;Tauro;4458;31/03/2016
2;2;6;1;2;Escorpion;4457;30/03/2016
2;2;5;0;2;Leo;4456;29/03/2016
2;3;0;2;6;Virgo;4455;28/03/2016
2;5;2;1;2;Acuario;4454;27/03/2016
2;2;9;2;1;Piscis;4453;26/03/2016
2;3;7;9;7;Virgo;4452;24/03/2016
2;1;1;2;5;Piscis;4451;23/03/2016
2;1;1;6;1;Piscis;4450;22/03/2016
2;2;4;3;3;Tauro;4449;21/03/2016
2;6;6;6;9;Sagitario;4448;20/03/2016
2;3;3;9;4;Acuario;4447;19/03/2016
2;4;7;6;5;Escorpion;4446;18/03/2016
2;5;9;3;9;Acuario;4445;17/03/2016
2;5;8;5;5;Virgo;4444;16/03/2016
2;5;5;2;0;Acuario;4443;15/03/2016
2;7;7;6;0;Cancer;4442;14/03/2016
2;3;1;7;9;Leo;4441;13/03/2016
2;2;8;1;3;Libra;4440;12/03/2016
2;9;1;6;7;Geminis;4439;11/03/2016
2;4;7;6;3;Virgo;4438;10/03/2016
2;7;7;6;7;Cancer;4437;09/03/2016
2;9;4;9;6;Aries;4436;08/03/2016
2;7;5;9;9;Aries;4435;07/03/2016
2;2;6;8;4;Escorpion;4434;06/03/2016
2;1;6;2;7;Escorpion;4433;05/03/2016
2;7;5;0;2;Leo;4432;04/03/2016
2;8;1;4;8;Leo;4431;03/03/2016
2;7;1;8;2;Sagitario;4430;02/03/2016
2;3;3;6;0;Piscis;4429;01/03/2016
2;2;2;2;3;Libra;4428;29/02/2016
2;3;6;0;1;Tauro;4427;28/02/2016
2;7;3;7;0;Leo;4426;27/02/2016
2;8;9;6;1;Cancer;4425;26/02/2016
2;1;2;2;8;Leo;4424;25/02/2016
2;0;3;5;0;Libra;4423;24/02/2016
2;9;6;1;2;Piscis;4422;23/02/2016
2;1;5;7;2;Capricornio;4421;22/02/2016
2;5;8;4;1;Acuario;4420;21/02/2016
2;5;2;5;6;Piscis;4419;20/02/2016
2;4;8;6;5;Piscis;4418;19/02/2016
2;4;1;8;2;Aries;4417;18/02/2016
2;1;0;5;9;Tauro;4416;17/02/2016
2;7;8;3;6;Escorpion;4415;16/02/2016
2;0;5;3;5;Sagitario;4414;15/02/2016
2;3;7;1;4;Leo;4413;14/02/2016
2;4;8;3;8;Capricornio;4412;13/02/2016
2;3;6;8;8;Escorpion;4411;12/02/2016
2;9;9;6;8;Piscis;4410;11/02/2016
2;9;2;8;5;Virgo;4409;10/02/2016
2;8;6;5;5;Acuario;4408;09/02/2016
2;4;4;1;9;Cancer;4407;08/02/2016
2;0;2;9;4;Geminis;4406;07/02/2016
2;1;1;1;9;Virgo;4405;06/02/2016
2;9;6;1;5;Libra;4404;05/02/2016
2;4;5;0;6;Virgo;4403;04/02/2016
2;2;3;1;1;Acuario;4402;03/02/2016
2;4;9;5;1;Tauro;4401;02/02/2016
2;6;4;7;2;Leo;4400;01/02/2016
2;6;1;1;6;Aries;4399;31/01/2016
2;3;6;4;0;Geminis;4398;30/01/2016
2;0;2;0;8;Geminis;4397;29/01/2016
2;6;4;1;7;Cancer;4396;28/01/2016
2;7;7;4;3;Libra;4395;27/01/2016
2;5;6;9;6;Libra;4394;26/01/2016
2;5;6;9;3;Leo;4393;25/01/2016
2;4;4;9;5;Piscis;4392;24/01/2016
2;9;7;7;0;Virgo;4391;23/01/2016
2;4;8;0;8;Libra;4390;22/01/2016
2;5;1;6;7;Leo;4389;21/01/2016
2;2;7;1;4;Tauro;4388;20/01/2016
2;5;0;8;5;Aries;4387;19/01/2016
2;1;2;8;9;Tauro;4386;18/01/2016
2;6;4;1;4;Virgo;4385;17/01/2016
2;6;4;3;5;Cancer;4384;16/01/2016
2;5;6;4;6;Geminis;4383;15/01/2016
2;2;1;5;0;Capricornio;4382;14/01/2016
2;9;4;2;3;Leo;4381;13/01/2016
2;3;0;1;7;Tauro;4380;12/01/2016
2;8;7;9;2;Aries;4379;11/01/2016
2;1;6;3;7;Acuario;4378;10/01/2016
2;8;1;4;9;Aries;4377;09/01/2016
2;3;7;8;8;Piscis;4376;08/01/2016
2;5;5;9;4;Aries;4375;07/01/2016
2;0;8;0;4;Cancer;4374;06/01/2016
2;7;2;4;0;Sagitario;4373;05/01/2016
2;1;2;1;5;Cancer;4372;04/01/2016
2;4;9;3;3;Leo;4371;03/01/2016
2;2;2;8;7;Tauro;4370;02/01/2016
2;7;0;8;2;Leo;4369;31/12/2015
2;6;6;0;9;Libra;4368;30/12/2015
2;9;9;2;5;Piscis;4367;29/12/2015
2;4;0;8;6;Leo;4366;28/12/2015
2;0;5;2;4;Aries;4365;27/12/2015
2;9;7;7;8;Leo;4364;26/12/2015
2;9;3;7;2;Capricornio;4363;25/12/2015
2;6;6;0;8;Libra;4362;24/12/2015
2;7;4;4;3;Escorpion;4361;23/12/2015
2;0;2;6;1;Leo;4360;22/12/2015
2;9;6;8;7;Geminis;4359;21/12/2015
2;7;6;0;0;Virgo;4358;20/12/2015
2;6;1;0;2;Tauro;4357;19/12/2015
2;7;9;0;2;Virgo;4356;18/12/2015
2;9;6;1;9;Sagitario;4355;17/12/2015
2;7;9;6;8;Escorpion;4354;16/12/2015
2;5;0;7;5;Capricornio;4353;15/12/2015
2;6;2;7;9;Acuario;4352;14/12/2015
2;2;0;8;6;Virgo;4351;13/12/2015
2;3;7;1;3;Tauro;4350;12/12/2015
2;9;3;6;0;Virgo;4349;11/12/2015
2;5;1;9;9;Capricornio;4348;10/12/2015
2;8;0;5;0;Acuario;4347;09/12/2015
2;4;5;1;9;Escorpion;4346;08/12/2015
2;3;3;9;7;Geminis;4345;07/12/2015
2;2;5;3;7;Escorpion;4344;06/12/2015
2;2;3;3;6;Aries;4343;05/12/2015
2;2;1;4;3;Sagitario;4342;04/12/2015
2;6;8;3;4;Virgo;4341;03/12/2015
2;0;3;3;8;Leo;4340;02/12/2015
2;5;9;7;2;Piscis;4339;01/12/2015
2;9;3;2;1;Sagitario;4338;30/11/2015
2;9;8;6;7;Escorpion;4337;29/11/2015
2;0;8;5;1;Virgo;4336;28/11/2015
2;9;2;8;5;Virgo;4335;27/11/2015
2;3;1;7;0;Escorpion;4334;26/11/2015
2;4;4;8;1;Capricornio;4333;25/11/2015
2;9;6;4;4;Virgo;4332;24/11/2015
2;1;5;0;9;Piscis;4331;23/11/2015
2;3;8;9;1;Capricornio;4330;22/11/2015
2;1;3;5;0;Tauro;4329;21/11/2015
2;8;9;8;3;Leo;4328;20/11/2015
2;7;3;2;9;Escorpion;4327;19/11/2015
2;9;1;5;5;Sagitario;4326;18/11/2015
2;9;0;2;4;Acuario;4325;17/11/2015
2;8;8;6;1;Capricornio;4324;16/11/2015
2;4;4;4;5;Capricornio;4323;15/11/2015
2;4;4;1;8;Tauro;4322;14/11/2015
2;9;2;8;0;Capricornio;4321;13/11/2015
2;4;5;1;1;Aries;4320;12/11/2015
2;2;1;3;9;Tauro;4319;11/11/2015
2;0;9;3;5;Virgo;4318;10/11/2015
2;2;6;5;1;Libra;4317;09/11/2015
2;3;9;7;4;Acuario;4316;08/11/2015
2;5;9;7;4;Piscis;4315;07/11/2015
2;7;4;9;7;Leo;4314;06/11/2015
2;9;5;5;9;Virgo;4313;05/11/2015
2;7;6;4;9;Piscis;4312;04/11/2015
2;2;7;6;3;Aries;4311;03/11/2015
2;3;9;0;4;Cancer;4310;02/11/2015
2;2;9;8;5;Virgo;4309;01/11/2015
2;1;2;0;1;Geminis;4308;31/10/2015
2;2;5;3;8;Piscis;4307;30/10/2015
2;4;6;8;7;Escorpion;4306;29/10/2015
2;3;6;8;2;Piscis;4305;28/10/2015
2;0;3;2;1;Virgo;4304;27/10/2015
2;8;2;4;5;Aries;4303;26/10/2015
2;2;9;2;4;Sagitario;4302;25/10/2015
2;0;7;9;3;Piscis;4301;24/10/2015
2;5;2;8;1;Cancer;4300;23/10/2015
2;4;9;1;4;Tauro;4299;22/10/2015
2;1;6;7;4;Piscis;4298;21/10/2015
2;5;1;5;8;Escorpion;4297;20/10/2015
2;6;0;1;2;Cancer;4296;19/10/2015
2;9;3;2;1;Geminis;4295;18/10/2015
2;5;4;5;5;Aries;4294;17/10/2015
2;4;0;6;2;Geminis;4293;16/10/2015
2;8;9;4;0;Sagitario;4292;15/10/2015
2;8;8;2;7;Sagitario;4291;14/10/2015
2;5;0;4;5;Libra;4290;13/10/2015
2;1;6;3;1;Aries;4289;12/10/2015
2;9;8;2;0;Tauro;4288;11/10/2015
2;3;1;1;3;Sagitario;4287;10/10/2015
2;0;8;2;6;Escorpion;4286;09/10/2015
2;0;0;0;6;Geminis;4285;08/10/2015
2;7;8;1;8;Leo;4284;07/10/2015
2;4;8;8;7;Geminis;4283;06/10/2015
2;3;0;0;4;Leo;4282;05/10/2015
2;3;3;1;3;Leo;4281;04/10/2015
2;5;5;1;1;Sagitario;4280;03/10/2015
2;0;5;9;0;Tauro;4279;02/10/2015
2;4;1;7;7;Virgo;4278;01/10/2015
2;5;0;2;0;Geminis;4277;30/09/2015
2;2;2;3;4;Sagitario;4276;29/09/2015
2;9;5;0;0;Sagitario;4275;28/09/2015
2;9;7;4;6;Escorpion;4274;27/09/2015
2;6;7;3;7;Piscis;4273;26/09/2015
2;8;8;5;3;Acuario;4272;25/09/2015
2;7;6;5;9;Tauro;4271;24/09/2015
2;1;0;1;1;Libra;4270;23/09/2015
2;6;6;0;3;Libra;4269;22/09/2015
2;5;8;7;0;Geminis;4268;21/09/2015
2;8;1;5;1;Libra;4267;20/09/2015
2;8;1;4;6;Cancer;4266;19/09/2015
2;1;4;2;5;Sagitario;4265;18/09/2015
2;5;3;2;3;Piscis;4264;17/09/2015
2;1;0;1;8;Capricornio;4263;16/09/2015
2;5;0;0;4;Libra;4262;15/09/2015
2;4;4;1;2;Escorpion;4261;14/09/2015
2;0;8;5;2;Leo;4260;13/09/2015
2;7;2;7;3;Piscis;4259;12/09/2015
2;8;0;9;7;Acuario;4258;11/09/2015
2;9;2;4;7;Virgo;4257;10/09/2015
2;5;2;5;6;Aries;4256;09/09/2015
2;4;9;1;8;Virgo;4255;08/09/2015
2;2;0;2;9;Geminis;4254;07/09/2015
2;1;4;1;0;Capricornio;4253;06/09/2015
2;5;6;8;1;Sagitario;4252;05/09/2015
2;6;9;4;4;Geminis;4251;04/09/2015
2;7;4;6;0;Sagitario;4250;03/09/2015
2;2;0;3;2;Cancer;4249;02/09/2015
2;1;4;8;0;Cancer;4248;01/09/2015
2;9;8;1;7;Virgo;4247;31/08/2015
2;6;5;8;2;Capricornio;4246;30/08/2015
2;8;6;6;3;Tauro;4245;29/08/2015
2;8;4;3;3;Libra;4244;28/08/2015
2;9;3;3;2;Virgo;4243;27/08/2015
2;0;4;3;5;Geminis;4242;26/08/2015
2;1;3;1;6;Capricornio;4241;25/08/2015
2;0;4;0;0;Leo;4240;24/08/2015
2;7;5;3;7;Sagitario;4239;23/08/2015
2;4;5;7;0;Capricornio;4238;22/08/2015
2;2;6;0;4;Aries;4237;21/08/2015
2;0;8;0;3;Virgo;4236;20/08/2015
2;2;0;5;0;Aries;4235;19/08/2015
2;5;5;5;7;Geminis;4234;18/08/2015
2;2;0;2;0;Acuario;4233;17/08/2015
2;7;2;5;1;Virgo;4232;16/08/2015
2;6;9;6;5;Cancer;4231;15/08/2015
2;9;7;0;2;Libra;4230;14/08/2015
2;6;6;2;2;Leo;4229;13/08/2015
2;1;0;6;2;Leo;4228;12/08/2015
2;2;1;7;7;Aries;4227;11/08/2015
2;9;4;8;7;Piscis;4226;10/08/2015
2;0;6;5;3;Tauro;4225;09/08/2015
2;5;5;4;6;Capricornio;4224;08/08/2015
2;7;4;3;5;Geminis;4223;07/08/2015
2;2;0;7;9;Geminis;4222;06/08/2015
2;3;1;4;3;Escorpion;4221;05/08/2015
2;5;3;3;5;Virgo;4220;04/08/2015
2;8;7;6;0;Sagitario;4219;03/08/2015
2;9;1;6;7;Libra;4218;02/08/2015
2;3;5;2;8;Geminis;4217;01/08/2015
2;9;6;5;2;Aries;4216;31/07/2015
2;8;9;4;4;Piscis;4215;30/07/2015
2;8;1;9;5;Sagitario;4214;29/07/2015
2;2;9;5;3;Cancer;4213;28/07/2015
2;4;7;3;5;Cancer;4212;27/07/2015
2;6;4;4;2;Piscis;4211;26/07/2015
2;1;0;4;9;Tauro;4210;25/07/2015
2;1;8;1;5;Cancer;4209;24/07/2015
2;4;7;3;4;Geminis;4208;23/07/2015
2;4;7;8;1;Escorpion;4207;22/07/2015
2;4;1;7;7;Piscis;4206;21/07/2015
2;5;9;4;5;Geminis;4205;20/07/2015
2;8;4;5;4;Sagitario;4204;19/07/2015
2;6;4;6;6;Tauro;4203;18/07/2015
2;0;5;2;3;Leo;4202;17/07/2015
2;3;2;5;7;Geminis;4201;16/07/2015
2;4;4;0;7;Sagitario;4200;15/07/2015
2;7;8;2;9;Sagitario;4199;14/07/2015
2;1;0;7;1;Virgo;4198;13/07/2015
2;5;9;8;4;Escorpion;4197;12/07/2015
2;9;0;0;9;Tauro;4196;11/07/2015
2;0;7;8;5;Sagitario;4195;10/07/2015
2;9;5;8;1;Escorpion;4194;09/07/2015
2;8;7;1;2;Virgo;4193;08/07/2015
2;5;7;4;7;Cancer;4192;07/07/2015
2;2;3;5;4;Piscis;4191;06/07/2015
2;9;4;1;0;Tauro;4190;05/07/2015
2;6;7;0;5;Geminis;4189;04/07/2015
2;7;2;8;6;Tauro;4188;03/07/2015
2;5;8;9;3;Virgo;4187;02/07/2015
2;5;4;4;2;Sagitario;4186;01/07/2015
2;3;7;0;1;Aries;4185;30/06/2015
2;7;4;4;4;Aries;4184;29/06/2015
2;0;4;5;7;Aries;4183;28/06/2015
2;5;6;4;5;Piscis;4182;27/06/2015
2;6;6;9;2;Virgo;4181;26/06/2015
2;0;9;5;6;Leo;4180;25/06/2015
2;0;8;1;5;Escorpion;4179;24/06/2015
2;8;2;2;9;Geminis;4178;23/06/2015
2;1;0;0;8;Aries;4177;22/06/2015
2;8;1;1;7;Piscis;4176;21/06/2015
2;4;8;5;8;Sagitario;4175;20/06/2015
2;2;8;0;1;Aries;4174;19/06/2015
2;3;8;5;7;Tauro;4173;18/06/2015
2;2;7;0;8;Piscis;4172;17/06/2015
2;0;2;5;9;Capricornio;4171;16/06/2015
2;6;0;4;2;Escorpion;4170;15/06/2015
2;5;1;8;1;Tauro;4169;14/06/2015
2;6;8;2;1;Leo;4168;13/06/2015
2;7;0;1;8;Aries;4167;12/06/2015
2;5;2;3;1;Virgo;4166;11/06/2015
2;6;5;5;5;Capricornio;4165;10/06/2015
2;3;1;6;9;Geminis;4164;09/06/2015
2;2;7;3;1;Geminis;4163;08/06/2015
2;6;7;9;0;Cancer;4162;07/06/2015
2;7;8;3;6;Capricornio;4161;06/06/2015
2;7;7;3;6;Cancer;4160;05/06/2015
2;4;3;4;4;Acuario;4159;04/06/2015
2;2;8;9;2;Escorpion;4158;03/06/2015
2;1;5;2;6;Acuario;4157;02/06/2015
2;1;3;7;1;Piscis;4156;01/06/2015
2;5;8;7;7;Leo;4155;31/05/2015
2;6;9;0;1;Escorpion;4154;30/05/2015
2;6;2;2;5;Aries;4153;29/05/2015
2;1;5;4;8;Virgo;4152;28/05/2015
2;6;5;3;9;Sagitario;4151;27/05/2015
2;2;0;3;9;Virgo;4150;26/05/2015
2;6;3;7;1;Acuario;4149;25/05/2015
2;7;3;8;2;Escorpion;4148;24/05/2015
2;8;3;0;9;Leo;4147;23/05/2015
2;8;2;6;0;Acuario;4146;22/05/2015
2;7;2;3;6;Leo;4145;21/05/2015
2;2;0;3;5;Tauro;4144;20/05/2015
2;3;6;2;4;Cancer;4143;19/05/2015
2;9;2;4;7;Cancer;4142;18/05/2015
2;2;0;7;1;Aries;4141;17/05/2015
2;0;2;3;7;Aries;4140;16/05/2015
2;8;3;4;2;Acuario;4139;15/05/2015
2;9;6;5;0;Capricornio;4138;14/05/2015
2;7;8;5;9;Acuario;4137;13/05/2015
2;8;3;7;1;Escorpion;4136;12/05/2015
2;9;7;6;0;Piscis;4135;11/05/2015
2;5;9;2;6;Cancer;4134;10/05/2015
2;3;6;4;1;Escorpion;4133;09/05/2015
2;4;1;7;9;Virgo;4132;08/05/2015
2;1;1;4;5;Libra;4131;07/05/2015
2;7;7;9;0;Tauro;4130;06/05/2015
2;3;9;4;7;Virgo;4129;05/05/2015
2;7;1;6;7;Aries;4128;04/05/2015
2;8;3;8;0;Geminis;4127;03/05/2015
2;1;2;9;3;Aries;4126;02/05/2015
2;8;2;8;8;Piscis;4125;01/05/2015
2;2;3;5;6;Tauro;4124;30/04/2015
2;7;9;6;6;Virgo;4123;29/04/2015
2;8;5;0;2;Aries;4122;28/04/2015
2;4;1;1;1;Leo;4121;27/04/2015
2;7;2;5;0;Libra;4120;26/04/2015
2;1;3;1;8;Libra;4119;25/04/2015
2;4;0;1;2;Acuario;4118;24/04/2015
2;5;6;6;8;Geminis;4117;23/04/2015
2;2;6;4;4;Geminis;4116;22/04/2015
2;9;2;3;8;Aries;4115;21/04/2015
2;3;4;3;2;Piscis;4114;20/04/2015
2;3;9;7;1;Aries;4113;19/04/2015
2;6;0;2;4;Geminis;4112;18/04/2015
2;1;3;4;4;Acuario;4111;17/04/2015
2;9;6;4;3;Escorpion;4110;16/04/2015
2;3;0;5;8;Leo;4109;15/04/2015
2;8;3;2;0;Tauro;4108;14/04/2015
2;1;4;8;3;Capricornio;4107;13/04/2015
2;2;8;6;2;Libra;4106;12/04/2015
2;8;2;9;4;Capricornio;4105;11/04/2015
2;2;4;3;9;Geminis;4104;10/04/2015
2;2;5;7;6;Acuario;4103;09/04/2015
2;7;9;7;1;Capricornio;4102;08/04/2015
2;6;3;9;2;Piscis;4101;07/04/2015
2;0;2;3;6;Geminis;4100;06/04/2015
2;7;7;1;1;Cancer;4099;05/04/2015
2;1;0;6;8;Aries;4098;04/04/2015
2;3;3;2;7;Leo;4097;02/04/2015
2;6;5;7;9;Tauro;4096;01/04/2015
2;1;3;9;7;Libra;4095;31/03/2015
2;6;4;7;5;Sagitario;4094;30/03/2015
2;0;2;5;7;Escorpion;4093;29/03/2015
2;3;4;6;8;Aries;4092;28/03/2015
2;6;8;2;8;Sagitario;4091;27/03/2015
2;5;5;7;4;Aries;4090;26/03/2015
2;2;8;4;4;Cancer;4089;25/03/2015
2;6;0;9;0;Escorpion;4088;24/03/2015
2;2;7;0;9;Cancer;4087;23/03/2015
2;0;1;2;2;Virgo;4086;22/03/2015
2;4;8;1;1;Cancer;4085;21/03/2015
2;1;0;6;0;Virgo;4084;20/03/2015
2;3;2;4;5;Tauro;4083;19/03/2015
2;8;7;9;9;Aries;4082;18/03/2015
2;6;6;7;2;Escorpion;4081;17/03/2015
2;8;5;0;7;Escorpion;4080;16/03/2015
2;4;0;6;3;Leo;4079;15/03/2015
2;6;6;9;7;Acuario;4078;14/03/2015
2;0;3;5;0;Escorpion;4077;13/03/2015
2;6;0;6;5;Sagitario;4076;12/03/2015
2;7;6;1;3;Geminis;4075;11/03/2015
2;7;1;6;5;Leo;4074;10/03/2015
2;7;8;4;5;Escorpion;4073;09/03/2015
2;9;2;8;5;Leo;4072;08/03/2015
2;3;1;1;2;Geminis;4071;07/03/2015
2;1;8;5;9;Aries;4070;06/03/2015
2;2;3;7;3;Escorpion;4069;05/03/2015
2;0;0;1;7;Sagitario;4068;04/03/2015
2;7;1;0;8;Leo;4067;03/03/2015
2;3;1;4;4;Tauro;4066;02/03/2015
2;5;2;5;5;Libra;4065;01/03/2015
2;0;2;2;1;Acuario;4064;28/02/2015
2;2;5;6;8;Leo;4063;27/02/2015
2;2;0;6;2;Aries;4062;26/02/2015
2;0;7;6;1;Geminis;4061;25/02/2015
2;1;6;7;8;Escorpion;4060;24/02/2015
2;9;6;1;2;Piscis;4059;23/02/2015
2;2;0;1;4;Leo;4058;22/02/2015
2;6;1;7;0;Sagitario;4057;21/02/2015
2;8;2;0;4;Acurio;4056;20/02/2015
2;7;8;6;3;Acuario;4055;19/02/2015
2;4;0;0;9;Piscis;4054;18/02/2015
2;4;9;0;9;Escorpion;4053;17/02/2015
2;1;6;7;6;Capricornio;4052;16/02/2015
2;0;8;9;2;Capricornio;4051;15/02/2015
2;9;8;4;2;Piscis;4050;14/02/2015
2;3;2;3;6;Piscis;4049;13/02/2015
2;8;0;5;9;Cancer;4048;12/02/2015
2;4;9;4;4;Leo;4047;11/02/2015
2;5;6;9;4;Geminis;4046;10/02/2015
2;2;7;9;5;Escorpion;4045;09/02/2015
2;6;4;2;3;Acuario;4044;08/02/2015
2;7;5;1;2;Cancer;4043;07/02/2015
2;3;6;0;1;Leo;4042;06/02/2015
2;6;5;6;2;Sagitario;4041;05/02/2015
2;8;9;2;1;Tauro;4040;04/02/2015
2;0;9;9;6;Leo;4039;03/02/2015
2;9;9;8;2;Geminis;4038;02/02/2015
2;8;1;8;1;Piscis;4037;01/02/2015
2;9;6;1;6;Sagitario;4036;31/01/2015
2;8;2;8;5;Cancer;4035;30/01/2015
2;8;9;0;5;Libra;4034;29/01/2015
2;6;1;9;5;Acuario;4033;28/01/2015
2;5;5;1;7;Geminis;4032;27/01/2015
2;5;9;2;2;Aries;4031;26/01/2015
2;2;7;5;2;Escorpion;4030;25/01/2015
2;6;8;7;8;Tauro;4029;24/01/2015
2;2;1;4;9;Virgo;4028;23/01/2015
2;3;2;2;3;Escorpion;4027;22/01/2015
2;9;2;9;9;Sagitario;4026;21/01/2015
2;9;2;9;0;Cancer;4025;20/01/2015
2;6;5;2;1;Cancer;4024;19/01/2015
2;7;8;2;3;Geminis;4023;18/01/2015
2;7;2;3;8;Geminis;4022;17/01/2015
2;2;7;2;9;Geminis;4021;16/01/2015
2;9;3;9;1;Libra;4020;15/01/2015
2;0;7;2;2;Tauro;4019;14/01/2015
2;6;7;4;8;Leo;4018;13/01/2015
2;9;3;1;8;Libra;4017;12/01/2015
2;5;5;7;6;Libra;4016;11/01/2015
2;8;4;3;0;Cancer;4015;10/01/2015
2;7;9;1;9;Libra;4014;09/01/2015
2;3;0;2;5;Escorpion;4013;08/01/2015
2;8;8;6;4;Sagitario;4012;07/01/2015
2;6;8;4;0;Capricornio;4011;06/01/2015
2;6;3;5;6;Leo;4010;05/01/2015
2;1;0;3;1;Libra;4009;04/01/2015
2;3;9;0;1;Libra;4008;03/01/2015
2;8;7;3;3;Cancer;4007;02/01/2015
2;7;8;6;9;Virgo;4006;31/12/2014
2;9;0;7;1;Piscis;4005;30/12/2014
2;0;4;5;1;Piscis;4004;29/12/2014
2;3;4;4;8;Escorpion;4003;28/12/2014
2;3;1;5;7;Cancer;4002;27/12/2014
2;3;2;8;6;Escorpion;4001;26/12/2014
2;8;4;9;6;Geminis;4000;25/12/2014
2;0;8;0;7;Escorpion;3999;24/12/2014
2;6;9;5;1;Virgo;3998;23/12/2014
2;0;2;8;3;Escorpion;3997;22/12/2014
2;2;1;2;4;Tauro;3996;21/12/2014
2;2;0;4;7;Acuario;3995;20/12/2014
2;0;0;6;6;Piscis;3994;19/12/2014
2;4;5;2;9;Libra;3993;18/12/2014
2;4;9;4;2;Acuario;3992;17/12/2014
2;4;1;5;6;Aries;3991;16/12/2014
2;1;2;2;5;Escorpion;3990;15/12/2014
2;5;5;1;2;Sagitario;3989;14/12/2014
2;2;6;8;9;Geminis;3988;13/12/2014
2;3;2;4;6;Libra;3987;12/12/2014
2;2;7;8;8;Tauro;3986;11/12/2014
2;4;6;7;9;Tauro;3985;10/12/2014
2;7;0;0;3;Escorpion;3984;09/12/2014
2;6;5;0;1;Virgo;3983;08/12/2014
2;5;4;8;4;Aries;3982;07/12/2014
2;9;4;7;3;Escorpion;3981;06/12/2014
2;8;5;2;3;Geminis;3980;05/12/2014
2;4;3;1;3;Leo;3979;04/12/2014
2;4;4;4;3;Cancer;3978;03/12/2014
2;6;1;7;4;Sagitario;3977;02/12/2014
2;5;3;1;8;Sagitario;3976;01/12/2014
2;5;0;5;1;Piscis;3975;30/11/2014
2;3;0;1;0;Libra;3974;29/11/2014
2;3;5;6;5;Cancer;3973;28/11/2014
2;3;4;9;7;Acuario;3972;27/11/2014
2;9;6;8;2;Capricornio;3971;26/11/2014
2;0;6;0;8;Escorpion;3970;25/11/2014
2;2;4;7;2;Sagitario;3969;24/11/2014
2;8;9;9;3;Aries;3968;23/11/2014
2;0;0;8;6;Piscis;3967;22/11/2014
2;1;3;4;8;Aries;3966;21/11/2014
2;0;1;1;3;Geminis;3965;20/11/2014
2;5;2;1;7;Sagitario;3964;19/11/2014
2;3;3;4;3;Capricornio;3963;18/11/2014
2;8;2;0;3;Cancer;3962;17/11/2014
2;0;6;7;2;Aries;3961;16/11/2014
2;1;7;5;8;Virgo;3960;15/11/2014
2;1;7;0;6;Tauro;3959;14/11/2014
2;7;9;6;1;Piscis;3958;13/11/2014
2;9;2;0;8;Escorpion;3957;12/11/2014
2;9;0;4;5;Aries;3956;11/11/2014
2;7;1;7;1;Capricornio;3955;10/11/2014
2;7;7;1;8;Escorpion;3954;09/11/2014
2;8;2;0;1;Capricornio;3953;08/11/2014
2;7;0;4;3;Aries;3952;07/11/2014
2;1;2;9;9;Escorpion;3951;06/11/2014
2;2;2;1;2;Sagitario;3950;05/11/2014
2;6;8;1;8;Escorpion;3949;04/11/2014
2;3;1;3;4;Sagitario;3948;03/11/2014
2;3;4;6;9;Escorpion;3947;02/11/2014
2;1;7;5;1;Acuario;3946;01/11/2014
2;1;0;6;9;Virgo;3945;31/10/2014
2;0;6;5;5;Acuario;3944;30/10/2014
2;2;6;3;0;Leo;3943;29/10/2014
2;4;1;7;5;Escorpion;3942;28/10/2014
2;5;1;2;8;Leo;3941;27/10/2014
2;1;9;7;7;Aries;3940;26/10/2014
2;6;8;0;4;Capricornio;3939;25/10/2014
2;9;4;8;3;Escorpion;3938;24/10/2014
2;6;4;9;4;Cancer;3937;23/10/2014
2;4;7;5;1;Escorpion;3936;22/10/2014
2;4;3;6;9;Capricornio;3935;21/10/2014
2;7;2;8;3;Aries;3934;20/10/2014
2;3;3;5;4;Sagitario;3933;19/10/2014
2;8;5;3;3;Virgo;3932;18/10/2014
2;8;8;5;9;Acuario;3931;17/10/2014
2;3;8;4;9;Cancer;3930;16/10/2014
2;1;4;9;6;Acuario;3929;15/10/2014
2;6;4;3;0;Aries;3928;14/10/2014
2;7;0;5;8;Cancer;3927;13/10/2014
2;5;6;2;9;Libra;3926;12/10/2014
2;1;3;8;4;Escorpion;3925;11/10/2014
2;6;3;7;1;Piscis;3924;10/10/2014
2;0;5;3;0;Libra;3923;09/10/2014
2;6;7;0;2;Libra;3922;08/10/2014
2;3;4;8;9;Geminis;3921;07/10/2014
2;1;2;8;7;Aries;3920;06/10/2014
2;0;1;6;3;Acuario;3919;05/10/2014
2;4;1;7;1;Virgo;3918;04/10/2014
2;0;1;5;8;Capricornio;3917;03/10/2014
2;2;8;8;9;Sagitario;3916;02/10/2014
2;9;6;8;1;Acuario;3915;01/10/2014
2;7;0;6;9;Leo;3914;30/09/2014
2;2;2;9;4;Tauro;3913;29/09/2014
2;7;4;3;0;Cancer;3912;28/09/2014
2;3;9;6;2;Libra;3911;27/09/2014
2;7;6;7;1;Acuario;3910;26/09/2014
2;9;1;8;2;Sagitario;3909;25/09/2014
2;0;1;9;2;Sagitario;3908;24/09/2014
2;2;6;3;6;Piscis;3907;23/09/2014
2;1;4;8;0;Tauro;3906;22/09/2014
2;8;4;5;5;Geminis;3905;21/09/2014
2;2;0;9;1;Acuario;3904;20/09/2014
2;4;8;0;0;Virgo;3903;19/09/2014
2;4;7;7;9;Capricornio;3902;18/09/2014
2;9;8;4;8;Escorpion;3901;17/09/2014
2;6;5;1;9;Cancer;3900;16/09/2014
2;9;8;7;8;Libra;3899;15/09/2014
2;7;9;0;0;Escorpion;3898;14/09/2014
2;5;8;1;7;Virgo;3897;13/09/2014
2;4;6;2;0;Piscis;3896;12/09/2014
2;0;1;0;2;Escorpion;3895;11/09/2014
2;4;5;1;3;Escorpion;3894;10/09/2014
2;0;9;2;1;Escorpion;3893;09/09/2014
2;2;3;6;5;Acuario;3892;08/09/2014
2;4;8;9;2;Geminis;3891;07/09/2014
2;7;4;4;1;Virgo;3890;06/09/2014
2;0;0;6;9;Virgo;3889;05/09/2014
2;3;4;8;0;Piscis;3888;04/09/2014
2;0;2;2;8;Escorpion;3887;03/09/2014
2;9;7;7;6;Acuario;3886;02/09/2014
2;5;7;4;5;Geminis;3885;01/09/2014
2;9;3;5;9;Aries;3884;31/08/2014
2;4;1;1;7;Geminis;3883;30/08/2014
2;6;8;9;6;Aries;3882;29/08/2014
2;3;3;1;1;Leo;3881;28/08/2014
2;6;9;5;1;Geminis;3880;27/08/2014
2;9;2;9;6;Geminis;3879;26/08/2014
2;9;9;7;7;Escorpion;3878;25/08/2014
2;7;4;6;0;Acuario;3877;24/08/2014
2;6;3;9;0;Sagitario;3876;23/08/2014
2;7;8;7;5;Libra;3875;22/08/2014
2;6;1;6;1;Cancer;3874;21/08/2014
2;9;5;8;0;Escorpion;3873;20/08/2014
2;9;4;1;5;Leo;3872;19/08/2014
2;4;9;1;6;Tauro;3871;18/08/2014
2;6;0;7;1;Piscis;3870;17/08/2014
2;2;4;0;6;Capricornio;3869;16/08/2014
2;0;3;9;2;Cancer;3868;15/08/2014
2;1;9;0;8;Tauro;3867;14/08/2014
2;7;1;1;2;Virgo;3866;13/08/2014
2;4;7;8;3;Escorpion;3865;12/08/2014
2;1;7;3;0;Capricornio;3864;11/08/2014
2;3;8;8;5;Acuario;3863;10/08/2014
2;0;2;1;4;Leo;3862;09/08/2014
2;8;8;2;8;Escorpion;3861;08/08/2014
2;8;0;5;9;Leo;3860;07/08/2014
2;7;2;2;8;Sagitario;3859;06/08/2014
2;9;8;0;7;Escorpion;3858;05/08/2014
2;5;4;5;7;Sagitario;3857;04/08/2014
2;3;6;6;3;Sagitario;3856;03/08/2014
2;2;7;9;0;Capricornio;3855;02/08/2014
2;5;8;7;0;Libra;3854;01/08/2014
2;8;2;9;5;Leo;3853;31/07/2014
2;5;6;4;0;Cancer;3852;30/07/2014
2;5;2;1;6;Virgo;3851;29/07/2014
2;5;4;4;0;Cancer;3850;28/07/2014
2;5;1;0;6;Acuario;3849;27/07/2014
2;1;5;4;4;Libra;3848;26/07/2014
2;4;5;5;5;Leo;3847;25/07/2014
2;7;4;1;3;Escorpion;3846;24/07/2014
2;7;6;1;2;Acuario;3845;23/07/2014
2;8;4;2;5;Cancer;3844;22/07/2014
2;7;6;5;5;Aries;3843;21/07/2014
2;2;9;4;7;Acuario;3842;20/07/2014
2;7;7;8;4;Libra;3841;19/07/2014
2;1;0;6;1;Piscis;3840;18/07/2014
2;8;8;7;7;Leo;3839;17/07/2014
2;1;3;3;1;Capricornio;3838;16/07/2014
2;6;6;5;2;Libra;3837;15/07/2014
2;3;3;0;9;Virgo;3836;14/07/2014
2;2;0;7;3;Piscis;3835;13/07/2014
2;2;9;5;8;Piscis;3834;12/07/2014
2;3;5;4;1;Escorpion;3833;11/07/2014
2;0;9;0;3;Tauro;3832;10/07/2014
2;6;0;2;8;Leo;3831;09/07/2014
2;6;4;5;8;Capricornio;3830;08/07/2014
2;7;1;3;9;Piscis;3829;07/07/2014
2;3;2;0;8;Acuario;3828;06/07/2014
2;0;4;3;7;Libra;3827;05/07/2014
2;4;7;4;7;Geminis;3826;04/07/2014
2;2;2;7;1;Escorpion;3825;03/07/2014
2;2;0;7;4;Geminis;3824;02/07/2014
2;1;1;4;8;Capricornio;3823;01/07/2014
2;0;0;4;1;Cancer;3822;30/06/2014
2;7;9;0;6;Libra;3821;29/06/2014
2;3;2;5;0;Acuario;3820;28/06/2014
2;9;4;1;7;Libra;3819;27/06/2014
2;7;2;8;6;Virgo;3818;26/06/2014
2;6;6;8;9;Sagitario;3817;25/06/2014
2;2;0;6;4;Aries;3816;24/06/2014
2;0;3;4;4;Virgo;3815;23/06/2014
2;7;9;5;7;Virgo;3814;22/06/2014
2;6;3;1;6;Libra;3813;21/06/2014
2;6;0;8;2;Aries;3812;20/06/2014
2;8;0;2;0;Geminis;3811;19/06/2014
2;3;6;6;9;Acuario;3810;18/06/2014
2;8;6;5;7;Leo;3809;17/06/2014
2;3;4;7;2;Leo;3808;16/06/2014
2;9;9;4;4;Capricornio;3807;15/06/2014
2;3;3;5;0;Capricornio;3806;14/06/2014
2;1;4;2;4;Virgo;3805;13/06/2014
2;3;9;3;3;Escorpion;3804;12/06/2014
2;1;3;7;3;Aries;3803;11/06/2014
2;3;8;6;8;Capricornio;3802;10/06/2014
2;6;5;3;4;Geminis;3801;09/06/2014
2;3;4;8;6;Sagitario;3800;08/06/2014
2;1;2;4;9;Capricornio;3799;07/06/2014
2;4;4;1;2;Virgo;3798;06/06/2014
2;3;5;8;8;Geminis;3797;05/06/2014
2;5;7;8;7;Aries;3796;04/06/2014
2;0;1;5;9;Geminis;3795;03/06/2014
2;5;0;8;3;Capricornio;3794;02/06/2014
2;6;0;4;3;Leo;3793;01/06/2014
2;2;6;7;0;Virgo;3792;31/05/2014
2;0;9;3;7;Escorpion;3791;30/05/2014
2;6;3;6;8;Leo;3790;29/05/2014
2;2;4;6;3;Virgo;3789;28/05/2014
2;4;3;8;4;Escorpion;3788;27/05/2014
2;2;5;7;7;Cancer;3787;26/05/2014
2;8;5;8;2;Capricornio;3786;25/05/2014
2;0;4;1;9;Leo;3785;24/05/2014
2;0;1;2;1;Cancer;3784;23/05/2014
2;8;5;6;6;Capricornio;3783;22/05/2014
2;6;3;0;5;Geminis;3782;21/05/2014
2;8;4;3;7;Leo;3781;20/05/2014
2;4;3;9;2;Virgo;3780;19/05/2014
2;5;5;8;8;Escorpion;3779;18/05/2014
2;9;4;2;8;Capricornio;3778;17/05/2014
2;3;3;7;3;Sagitario;3777;16/05/2014
2;0;4;5;6;Cancer;3776;15/05/2014
2;3;9;9;9;Tauro;3775;14/05/2014
2;7;7;1;7;Sagitario;3774;13/05/2014
2;8;9;0;5;Cancer;3773;12/05/2014
2;8;7;6;9;Leo;3772;11/05/2014
2;0;2;2;2;Libra;3771;10/05/2014
2;8;6;2;2;Acuario;3770;09/05/2014
2;8;7;0;9;Capricornio;3769;08/05/2014
2;9;3;0;2;Tauro;3768;07/05/2014
2;3;6;5;5;Geminis;3767;06/05/2014
2;9;4;7;6;Capricornio;3766;05/05/2014
2;5;4;0;4;Sagitario;3765;04/05/2014
2;2;9;2;4;Geminis;3764;03/05/2014
2;2;1;1;1;Geminis;3763;02/05/2014
2;5;5;3;1;Piscis;3762;01/05/2014
2;8;6;8;1;Capricornio;3761;30/04/2014
2;3;8;7;5;Geminis;3760;29/04/2014
2;5;5;5;5;Libra;3759;28/04/2014
2;6;8;9;9;Escorpion;3758;27/04/2014
2;4;0;8;2;Geminis;3757;26/04/2014
2;0;9;2;3;Tauro;3756;25/04/2014
2;8;7;5;7;Capricornio;3755;24/04/2014
2;9;4;4;8;Acuario;3754;23/04/2014
2;4;6;1;8;Piscis;3753;22/04/2014
2;1;0;1;6;Virgo;3752;21/04/2014
2;5;6;3;4;Sagitario;3751;20/04/2014
2;3;0;2;6;Virgo;3750;19/04/2014
2;2;3;3;4;Cancer;3749;17/04/2014
2;2;3;2;2;Geminis;3748;16/04/2014
2;0;8;0;1;Leo;3747;15/04/2014
2;4;8;7;9;Piscis;3746;14/04/2014
2;9;3;9;6;Virgo;3745;13/04/2014
2;2;6;0;6;Capricornio;3744;12/04/2014
2;6;4;9;9;Aries;3743;11/04/2014
2;2;8;7;6;Libra;3742;10/04/2014
2;6;0;0;5;Escorpion;3741;09/04/2014
2;2;4;7;0;Virgo;3740;08/04/2014
2;2;2;3;1;Virgo;3739;07/04/2014
2;2;0;5;1;Virgo;3738;06/04/2014
2;8;1;6;5;Libra;3737;05/04/2014
2;4;9;6;5;Acuario;3736;04/04/2014
2;2;1;1;0;Geminis;3735;03/04/2014
2;5;2;2;6;Cancer;3734;02/04/2014
2;3;3;3;0;Cancer;3733;01/04/2014
2;5;7;5;3;Acuario;3732;31/03/2014
2;8;4;0;4;Acuario;3731;30/03/2014
2;1;3;0;4;Leo;3730;29/03/2014
2;7;6;6;4;Leo;3729;28/03/2014
2;6;6;2;5;Sagitario;3728;27/03/2014
2;2;9;1;6;Aries;3727;26/03/2014
2;2;4;8;4;Capricornio;3726;25/03/2014
2;4;9;7;1;Cancer;3725;24/03/2014
2;2;2;2;1;Leo;3724;23/03/2014
2;1;1;8;6;Capricornio;3723;22/03/2014
2;6;5;8;7;Capricornio;3722;21/03/2014
2;8;4;8;8;Capricornio;3721;20/03/2014
2;3;5;2;0;Geminis;3720;19/03/2014
2;4;3;6;8;Virgo;3719;18/03/2014
2;5;1;1;3;Piscis;3718;17/03/2014
2;9;9;7;4;Sagitario;3717;16/03/2014
2;5;7;8;2;Libra;3716;15/03/2014
2;9;2;0;2;Leo;3715;14/03/2014
2;3;5;5;4;Leo;3714;13/03/2014
2;5;6;4;0;Aries;3713;12/03/2014
2;5;3;9;2;Sagitario;3712;11/03/2014
2;7;9;5;5;Tauro;3711;10/03/2014
2;4;4;1;8;Piscis;3710;09/03/2014
2;4;9;7;2;Tauro;3709;08/03/2014
2;7;4;3;8;Leo;3708;07/03/2014
2;7;5;7;1;Piscis;3707;06/03/2014
2;4;9;7;0;Leo;3706;05/03/2014
2;9;6;0;1;Leo;3705;04/03/2014
2;6;1;2;1;Libra;3704;03/03/2014
2;5;8;3;6;Leo;3703;02/03/2014
2;7;2;7;8;Virgo;3702;01/03/2014
2;6;8;0;0;Piscis;3701;28/02/2014
2;6;6;7;1;Geminis;3700;27/02/2014
2;0;6;5;3;Virgo;3699;26/02/2014
2;4;5;8;0;Cancer;3698;25/02/2014
2;3;8;2;1;Piscis;3697;24/02/2014
2;4;9;0;6;Tauro;3696;23/02/2014
2;5;6;7;5;Aries;3695;22/02/2014
2;8;2;7;6;Aries;3694;21/02/2014
2;1;3;4;6;Virgo;3693;20/02/2014
2;6;4;9;3;Piscis;3692;19/02/2014
2;2;2;6;9;Acuario;3691;18/02/2014
2;8;0;4;5;Aries;3690;17/02/2014
2;3;4;5;3;Leo;3689;16/02/2014
2;7;1;1;9;Geminis;3688;15/02/2014
2;8;7;7;6;Leo;3687;14/02/2014
2;4;1;6;4;Virgo;3686;13/02/2014
2;3;0;5;5;Capricornio;3685;12/02/2014
2;5;2;0;0;Virgo;3684;11/02/2014
2;7;6;9;2;Geminis;3683;10/02/2014
2;4;9;1;2;Piscis;3682;09/02/2014
2;5;2;2;2;Acuario;3681;08/02/2014
2;2;5;6;4;Cancer;3680;07/02/2014
2;6;1;2;2;Libra;3679;06/02/2014
2;8;9;6;2;Aries;3678;05/02/2014
2;8;1;6;2;Capricornio;3677;04/02/2014
2;5;6;7;4;Acuario;3676;03/02/2014
2;3;7;6;5;Leo;3675;02/02/2014
2;4;5;4;4;Capricornio;3674;01/02/2014
2;4;2;7;2;Libra;3673;31/01/2014
2;9;4;9;4;Capricornio;3672;30/01/2014
2;1;5;3;4;Tauro;3671;29/01/2014
2;3;4;8;7;Tauro;3670;28/01/2014
2;0;9;7;7;Virgo;3669;27/01/2014
2;2;5;7;8;Geminis;3668;26/01/2014
2;3;1;8;0;Piscis;3667;25/01/2014
2;7;8;6;1;Libra;3666;24/01/2014
2;8;0;0;8;Aries;3665;23/01/2014
2;4;5;5;8;Capricornio;3664;22/01/2014
2;8;3;8;4;Cancer;3663;21/01/2014
2;4;1;3;7;Aries;3662;20/01/2014
2;4;6;7;3;Escorpion;3661;19/01/2014
2;0;7;0;9;Leo;3660;18/01/2014
2;2;0;6;1;Capricornio;3659;17/01/2014
2;0;5;5;5;Aries;3658;16/01/2014
2;3;1;7;2;Sagitario;3657;15/01/2014
2;9;1;2;3;Tauro;3656;14/01/2014
2;7;2;8;2;Capricornio;3655;13/01/2014
2;6;0;8;0;Acuario;3654;12/01/2014
2;8;1;1;6;Acuario;3653;11/01/2014
2;8;6;6;8;Sagitario;3652;10/01/2014
2;5;4;5;8;Leo;3651;09/01/2014
2;7;6;7;9;Escorpion;3650;08/01/2014
2;4;6;9;6;Capricornio;3649;07/01/2014
2;7;1;6;1;Piscis;3648;06/01/2014
2;2;7;0;2;Piscis;3647;05/01/2014
2;1;1;7;3;Piscis;3646;04/01/2014
2;8;1;2;1;Sagitario;3645;03/01/2014
2;9;0;4;0;Leo;3644;02/01/2014
2;8;2;3;0;Libra;3643;31/12/2013
2;5;8;5;0;Escorpion;3642;30/12/2013
2;4;5;9;4;Acuario;3641;29/12/2013
2;7;3;6;3;Geminis;3640;28/12/2013
2;0;4;6;1;Leo;3639;27/12/2013
2;2;2;9;3;Sagitario;3638;26/12/2013
2;7;5;0;2;Aries;3637;25/12/2013
2;5;4;6;2;Escorpion;3636;24/12/2013
2;5;2;3;9;Sagitario;3635;23/12/2013
2;8;4;3;4;Piscis;3634;22/12/2013
2;1;4;0;9;Tauro;3633;21/12/2013
2;8;6;0;8;Aries;3632;20/12/2013
2;2;2;8;3;Sagitario;3631;19/12/2013
2;6;1;0;1;Escorpion;3630;18/12/2013
2;9;0;5;1;Sagitario;3629;17/12/2013
2;0;8;8;9;Virgo;3628;16/12/2013
2;4;6;0;1;Libra;3627;15/12/2013
2;4;9;5;4;Sagitario;3626;14/12/2013
2;1;3;1;2;Leo;3625;13/12/2013
2;1;8;6;7;Virgo;3624;12/12/2013
2;9;1;3;3;Geminis;3623;11/12/2013
2;0;8;9;7;Tauro;3622;10/12/2013
2;3;1;1;8;Capricornio;3621;09/12/2013
2;4;8;2;2;Libra;3620;08/12/2013
2;9;9;0;6;Acurio;3619;07/12/2013
2;2;9;7;5;Acuario;3618;06/12/2013
2;2;6;7;5;Piscis;3617;05/12/2013
2;6;8;4;0;Capricornio;3616;04/12/2013
2;2;7;6;1;Escorpion;3615;03/12/2013
2;5;3;7;0;Acuario;3614;02/12/2013
2;2;1;2;0;Escorpion;3613;01/12/2013
2;4;3;5;0;Leo;3612;30/11/2013
2;6;0;5;9;Virgo;3611;29/11/2013
2;7;3;1;7;Sagitario;3610;28/11/2013
2;3;5;5;8;Acuario;3609;27/11/2013
2;3;9;0;5;Sagitario;3608;26/11/2013
2;8;3;0;8;Libra;3607;25/11/2013
2;5;5;5;0;Tauro;3606;24/11/2013
2;0;1;4;6;Geminis;3605;23/11/2013
2;5;7;8;6;Aries;3604;22/11/2013
2;2;0;2;7;Tauro;3603;21/11/2013
2;5;2;7;4;Acuario;3602;20/11/2013
2;8;8;7;3;Piscis;3601;19/11/2013
2;7;5;5;2;Geminis;3600;18/11/2013
2;1;1;5;5;Cancer;3599;17/11/2013
2;8;2;9;1;Libra;3598;16/11/2013
2;5;8;0;3;Leo;3597;15/11/2013
2;5;4;6;5;Tauro;3596;14/11/2013
2;8;4;3;2;Geminis;3595;13/11/2013
2;2;1;6;8;Piscis;3594;12/11/2013
2;1;8;1;7;Acuario;3593;11/11/2013
2;6;7;5;5;Leo;3592;10/11/2013
2;7;8;4;4;Escorpion;3591;09/11/2013
2;7;7;2;3;Aries;3590;08/11/2013
2;9;4;4;6;Aries;3589;07/11/2013
2;2;0;8;8;Escorpion;3588;06/11/2013
2;2;8;5;6;Libra;3587;05/11/2013
2;5;8;8;9;Libra;3586;04/11/2013
2;9;4;8;1;Sagitario;3585;03/11/2013
2;7;5;6;8;Capricornio;3584;02/11/2013
2;0;2;7;9;Acuario;3583;01/11/2013
2;7;6;3;1;Leo;3582;31/10/2013
2;5;4;1;4;Cancer;3581;30/10/2013
2;9;6;6;1;Sagitario;3580;29/10/2013
2;6;4;3;3;Piscis;3579;28/10/2013
2;7;1;9;6;Aries;3578;27/10/2013
2;1;1;2;6;Cancer;3577;26/10/2013
2;8;4;7;8;Libra;3576;25/10/2013
2;7;0;4;1;Piscis;3575;24/10/2013
2;3;8;5;6;Sagitario;3574;23/10/2013
2;1;8;5;9;Sagitario;3573;22/10/2013
2;1;2;9;2;Escorpion;3572;21/10/2013
2;3;1;3;7;Cancer;3571;20/10/2013
2;0;6;9;0;Acurio;3570;19/10/2013
2;2;9;2;9;Sagitario;3569;18/10/2013
2;7;8;5;8;Leo;3568;17/10/2013
2;3;3;0;1;Piscis;3567;16/10/2013
2;7;9;3;2;Escorpion;3566;15/10/2013
2;6;6;7;6;Virgo;3565;14/10/2013
2;1;5;3;5;Sagitario;3564;13/10/2013
2;7;4;5;6;Escorpion;3563;12/10/2013
2;6;5;8;2;Escorpion;3562;11/10/2013
2;8;0;1;9;Cancer;3561;10/10/2013
2;7;9;6;9;Piscis;3560;09/10/2013
2;4;6;9;9;Libra;3559;08/10/2013
2;0;4;4;1;Acuario;3558;07/10/2013
2;5;9;6;0;Libra;3557;06/10/2013
2;1;6;6;9;Sagitario;3556;05/10/2013
2;4;0;6;0;Sagitario;3555;04/10/2013
2;1;8;6;9;Capricornio;3554;03/10/2013
2;7;4;3;7;Leo;3553;02/10/2013
2;4;2;7;6;Virgo;3552;01/10/2013
2;8;8;7;8;Virgo;3551;30/09/2013
2;7;1;9;6;Sagitario;3550;29/09/2013
2;8;4;1;6;Cancer;3549;28/09/2013
2;8;9;7;9;Leo;3548;27/09/2013
2;9;5;0;4;Piscis;3547;26/09/2013
2;2;9;0;8;Libra;3546;25/09/2013
2;4;3;9;5;Cancer;3545;24/09/2013
2;7;1;2;7;Cancer;3544;23/09/2013
2;0;0;1;5;Sagitario;3543;22/09/2013
2;2;2;5;9;Escorpion;3542;21/09/2013
2;5;9;6;0;Tauro;3541;20/09/2013
2;8;7;8;5;Libra;3540;19/09/2013
2;4;1;3;1;Cancer;3539;18/09/2013
2;5;3;0;0;Virgo;3538;17/09/2013
2;6;8;4;5;Sagitario;3537;16/09/2013
2;3;5;7;6;Escorpion;3536;15/09/2013
2;0;1;6;2;Cancer;3535;14/09/2013
2;7;5;6;4;Virgo;3534;13/09/2013
2;7;7;2;2;Escorpion;3533;12/09/2013
2;4;3;1;3;Virgo;3532;11/09/2013
2;1;0;1;3;Tauro;3531;10/09/2013
2;5;0;8;6;Geminis;3530;09/09/2013
2;2;2;0;0;Escorpion;3529;08/09/2013
2;2;5;5;1;Sagitario;3528;07/09/2013
2;4;0;7;9;Sagitario;3527;06/09/2013
2;1;3;8;7;Aries;3526;05/09/2013
2;7;4;1;6;Escorpion;3525;04/09/2013
2;9;8;8;4;Aries;3524;03/09/2013
2;7;5;5;0;Virgo;3523;02/09/2013
2;7;4;0;6;Capricornio;3522;01/09/2013
2;5;7;2;9;Acuario;3521;31/08/2013
2;4;9;0;3;Escorpion;3520;30/08/2013
2;5;3;1;8;Libra;3519;29/08/2013
2;5;8;5;6;Libra;3518;28/08/2013
2;6;7;7;4;Capricornio;3517;27/08/2013
2;6;4;7;3;Aries;3516;26/08/2013
2;2;5;8;6;Sagitario;3515;25/08/2013
2;6;4;5;0;Leo;3514;24/08/2013
2;5;0;2;9;Cancer;3513;23/08/2013
2;6;2;9;5;Capricornio;3512;22/08/2013
2;7;9;2;6;Virgo;3511;21/08/2013
2;2;6;9;0;Escorpion;3510;20/08/2013
2;1;9;7;1;Tauro;3509;19/08/2013
2;0;7;1;6;Tauro;3508;18/08/2013
2;2;8;4;6;Tauro;3507;17/08/2013
2;7;7;9;9;Virgo;3506;16/08/2013
2;2;3;4;8;Libra;3505;15/08/2013
2;9;6;6;1;Acuario;3504;14/08/2013
2;3;5;2;4;Escorpion;3503;13/08/2013
2;9;7;2;8;Aries;3502;12/08/2013
2;8;0;7;9;Virgo;3501;11/08/2013
2;1;3;5;4;Aries;3500;10/08/2013
2;4;5;9;2;Capricornio;3499;09/08/2013
2;5;8;3;0;Virgo;3498;08/08/2013
2;1;0;5;5;Capricornio;3497;07/08/2013
2;4;8;8;3;Cancer;3496;06/08/2013
2;6;6;9;2;Cancer;3495;05/08/2013
2;3;9;6;3;Cancer;3494;04/08/2013
2;0;5;3;0;Virgo;3493;03/08/2013
2;5;0;3;7;Leo;3492;02/08/2013
2;5;2;5;7;Cancer;3491;01/08/2013
2;2;1;1;9;Acuario;3490;31/07/2013
2;6;0;5;7;Escorpion;3489;30/07/2013
2;2;4;0;0;Leo;3488;29/07/2013
2;2;4;8;7;Aries;3487;28/07/2013
2;6;0;2;3;Aries;3486;27/07/2013
2;3;5;6;8;Cancer;3485;26/07/2013
2;5;1;7;2;Capricornio;3484;25/07/2013
2;6;8;8;7;Libra;3483;24/07/2013
2;9;8;4;3;Capricornio;3482;23/07/2013
2;1;3;9;7;Virgo;3481;22/07/2013
2;3;0;7;5;Geminis;3480;21/07/2013
2;4;8;7;6;Capricornio;3479;20/07/2013
2;7;0;3;8;Piscis;3478;19/07/2013
2;3;6;5;7;Geminis;3477;18/07/2013
2;3;2;2;6;Piscis;3476;17/07/2013
2;4;6;6;4;Libra;3475;16/07/2013
2;9;2;1;5;Piscis;3474;15/07/2013
2;6;7;8;1;Geminis;3473;14/07/2013
2;4;2;5;3;Acuario;3472;13/07/2013
2;4;2;1;2;Capricornio;3471;12/07/2013
2;4;0;8;0;Capricornio;3470;11/07/2013
2;1;0;3;5;Tauro;3469;10/07/2013
2;8;6;5;6;Acuario;3468;09/07/2013
2;2;4;2;5;Virgo;3467;08/07/2013
2;4;5;6;4;Geminis;3466;07/07/2013
2;8;5;3;2;Piscis;3465;06/07/2013
2;2;1;8;1;Tauro;3464;05/07/2013
2;1;6;2;3;Acuario;3463;04/07/2013
2;0;4;8;4;Acuario;3462;03/07/2013
2;1;6;1;0;Sagitario;3461;02/07/2013
2;3;1;2;4;Virgo;3460;01/07/2013
2;4;0;9;4;Geminis;3459;30/06/2013
2;2;4;3;0;Libra;3458;29/06/2013
2;6;2;2;2;Sagitario;3457;28/06/2013
2;0;2;8;5;Aries;3456;27/06/2013
2;8;2;2;2;Capricornio;3455;26/06/2013
2;0;0;0;2;Aries;3454;25/06/2013
2;6;4;2;5;Sagitario;3453;24/06/2013
2;5;8;1;1;Capricornio;3452;23/06/2013
2;2;1;8;1;Libra;3451;22/06/2013
2;3;9;5;3;Cancer;3450;21/06/2013
2;3;3;5;4;Acuario;3449;20/06/2013
2;4;4;4;6;Sagitario;3448;19/06/2013
2;7;1;6;0;Escorpion;3447;18/06/2013
2;2;8;5;3;Aries;3446;17/06/2013
2;3;3;7;8;Geminis;3445;16/06/2013
2;5;9;4;3;Cancer;3444;15/06/2013
2;9;1;9;6;Cancer;3443;14/06/2013
2;2;4;6;1;Leo;3442;13/06/2013
2;4;7;1;7;Escorpion;3441;12/06/2013
2;1;4;8;0;Leo;3440;11/06/2013
2;3;2;7;1;Virgo;3439;10/06/2013
2;1;8;6;6;Libra;3438;09/06/2013
2;4;2;5;5;Acuario;3437;08/06/2013
2;4;0;8;4;Escorpion;3436;07/06/2013
2;2;5;2;9;Geminis;3435;06/06/2013
2;6;3;4;4;Escorpion;3434;05/06/2013
2;4;2;5;8;Capricornio;3433;04/06/2013
2;6;1;5;8;Leo;3432;03/06/2013
2;3;7;9;6;Virgo;3431;02/06/2013
2;3;8;9;2;Piscis;3430;01/06/2013
2;6;9;6;6;Cancer;3429;31/05/2013
2;5;3;1;1;Cancer;3428;30/05/2013
2;5;4;2;3;Tauro;3427;29/05/2013
2;4;7;2;2;Cancer;3426;28/05/2013
2;3;8;3;7;Geminis;3425;27/05/2013
2;3;2;7;4;Leo;3424;26/05/2013
2;1;1;6;4;Acuario;3423;25/05/2013
2;2;0;1;1;Libra;3422;24/05/2013
2;0;5;2;0;Aries;3421;23/05/2013
2;7;9;2;2;Geminis;3420;22/05/2013
2;9;1;0;2;Cancer;3419;21/05/2013
2;9;6;1;8;Escorpion;3418;20/05/2013
2;0;7;7;6;Aries;3417;19/05/2013
2;0;8;1;2;Leo;3416;18/05/2013
2;4;3;8;5;Tauro;3415;17/05/2013
2;5;1;1;4;Geminis;3414;16/05/2013
2;1;7;9;4;Capricornio;3413;15/05/2013
2;6;1;5;6;Libra;3412;14/05/2013
2;9;9;4;2;Capricornio;3411;13/05/2013
2;3;9;7;9;Capricornio;3410;12/05/2013
2;9;9;9;6;Libra;3409;11/05/2013
2;9;2;0;4;Acuario;3408;10/05/2013
2;7;8;9;0;Escorpion;3407;09/05/2013
2;6;9;6;3;Escorpion;3406;08/05/2013
2;4;2;6;0;Aries;3405;07/05/2013
2;5;1;5;3;Aries;3404;06/05/2013
2;9;9;1;9;Capricornio;3403;05/05/2013
2;2;5;5;7;Libra;3402;04/05/2013
2;2;9;3;2;Geminis;3401;03/05/2013
2;5;7;1;5;Libra;3400;02/05/2013
2;5;5;5;4;Piscis;3399;01/05/2013
2;6;4;4;4;Tauro;3398;30/04/2013
2;4;3;6;6;Aries;3397;29/04/2013
2;6;8;9;1;Leo;3396;28/04/2013
2;8;1;4;9;Cancer;3395;27/04/2013
2;7;6;1;7;Capricornio;3394;26/04/2013
2;4;0;6;6;Libra;3393;25/04/2013
2;2;1;1;9;Aries;3392;24/04/2013
2;8;3;5;3;Aries;3391;23/04/2013
2;6;1;7;8;Libra;3390;22/04/2013
2;3;1;0;4;Capricornio;3389;21/04/2013
2;3;0;6;5;Geminis;3388;20/04/2013
2;7;9;2;2;Acuario;3387;19/04/2013
2;4;7;5;5;Escorpion;3386;18/04/2013
2;4;2;5;0;Piscis;3385;17/04/2013
2;3;4;7;3;Leo;3384;16/04/2013
2;0;2;0;8;Aries;3383;15/04/2013
2;5;1;4;1;Escorpion;3382;14/04/2013
2;5;1;1;3;Piscis;3381;13/04/2013
2;1;0;6;6;Geminis;3380;12/04/2013
2;1;1;5;5;Piscis;3379;11/04/2013
2;4;3;7;3;Sagitario;3378;10/04/2013
2;0;0;6;5;Geminis;3377;09/04/2013
2;2;1;6;2;Piscis;3376;08/04/2013
2;7;3;2;3;Capricornio;3375;07/04/2013
2;3;7;8;9;Geminis;3374;06/04/2013
2;7;1;8;1;Piscis;3373;05/04/2013
2;9;6;7;1;Geminis;3372;04/04/2013
2;9;1;1;0;Virgo;3371;03/04/2013
2;3;7;4;6;Virgo;3370;02/04/2013
2;3;7;1;9;Aries;3369;01/04/2013
2;7;0;3;6;Acuario;3368;31/03/2013
2;0;3;4;5;Libra;3367;30/03/2013
2;1;0;4;5;Acuario;3366;28/03/2013
2;7;2;0;1;Cancer;3365;27/03/2013
2;8;6;2;4;Libra;3364;26/03/2013
2;2;8;3;2;Libra;3363;25/03/2013
2;7;2;1;0;Sagitario;3362;24/03/2013
2;6;0;3;7;Cancer;3361;23/03/2013
2;7;1;4;2;Acuario;3360;22/03/2013
2;8;6;8;4;Libra;3359;21/03/2013
2;5;2;6;9;Capricornio;3358;20/03/2013
2;1;3;7;5;Escorpion;3357;19/03/2013
2;6;5;5;2;Sagitario;3356;18/03/2013
2;3;4;4;0;Escorpion;3355;17/03/2013
2;7;2;7;9;Libra;3354;16/03/2013
2;6;6;4;6;Sagitario;3353;15/03/2013
2;4;0;3;1;Cancer;3352;14/03/2013
2;6;4;9;3;Sagitario;3351;13/03/2013
2;9;9;1;5;Capricornio;3350;12/03/2013
2;5;7;4;2;Acuario;3349;11/03/2013
2;1;2;6;1;Tauro;3348;10/03/2013
2;8;0;4;9;Libra;3347;09/03/2013
2;6;3;1;8;Leo;3346;08/03/2013
2;5;0;5;7;Acuario;3345;07/03/2013
2;1;2;0;4;Piscis;3344;06/03/2013
2;8;9;8;6;Sagitario;3343;05/03/2013
2;8;5;2;7;Escorpion;3342;04/03/2013
2;8;3;9;9;Tauro;3341;03/03/2013
2;1;7;0;7;Acuario;3340;02/03/2013
2;1;4;6;7;Aries;3339;01/03/2013
2;3;3;9;8;Aries;3338;28/02/2013
2;1;6;1;0;Capricornio;3337;27/02/2013
2;5;5;0;8;Geminis;3336;26/02/2013
2;5;3;7;2;Sagitario;3335;25/02/2013
2;4;1;8;8;Leo;3334;24/02/2013
2;5;5;7;0;Cancer;3333;23/02/2013
2;7;5;4;6;Sagitario;3332;22/02/2013
2;8;9;2;3;Piscis;3331;21/02/2013
2;6;9;3;9;Virgo;3330;20/02/2013
2;1;8;4;0;Piscis;3329;19/02/2013
2;4;6;1;4;Cancer;3328;18/02/2013
2;0;2;9;7;Aries;3327;17/02/2013
2;7;8;8;0;Tauro;3326;16/02/2013
2;0;1;2;3;Cancer;3325;15/02/2013
2;9;1;4;8;Acuario;3324;14/02/2013
2;9;1;4;7;Capricornio;3323;13/02/2013
2;0;8;3;1;Acuario;3322;12/02/2013
2;8;0;7;7;Sagitario;3321;11/02/2013
2;9;9;5;4;Capricornio;3320;10/02/2013
2;1;7;3;7;Acuario;3319;09/02/2013
2;2;6;8;0;Capricornio;3318;08/02/2013
2;0;4;0;8;Cancer;3317;07/02/2013
2;1;4;5;3;Leo;3316;06/02/2013
2;5;0;3;8;Capricornio;3315;05/02/2013
2;3;4;6;2;Tauro;3314;04/02/2013
2;3;7;1;0;Escorpion;3313;03/02/2013
2;9;7;9;9;Tauro;3312;02/02/2013
2;6;5;4;6;Piscis;3311;01/02/2013
2;1;7;4;1;Virgo;3310;31/01/2013
2;9;8;5;8;Piscis;3309;30/01/2013
2;5;5;8;5;Leo;3308;29/01/2013
2;1;8;5;8;Libra;3307;28/01/2013
2;5;3;9;7;Tauro;3306;27/01/2013
2;1;3;1;8;Aries;3305;26/01/2013
2;8;6;4;0;Cancer;3304;25/01/2013
2;3;2;0;1;Virgo;3303;24/01/2013
2;7;7;4;6;Sagitario;3302;23/01/2013
2;9;7;5;1;Piscis;3301;22/01/2013
2;2;2;1;8;Piscis;3300;21/01/2013
2;7;1;8;8;Aries;3299;20/01/2013
2;5;7;7;3;Libra;3298;19/01/2013
2;0;6;1;5;Libra;3297;18/01/2013
2;4;7;7;2;Acuario;3296;17/01/2013
2;0;2;4;1;Tauro;3295;16/01/2013
2;1;4;4;1;Libra;3294;15/01/2013
2;9;1;3;2;Virgo;3293;14/01/2013
2;1;9;4;9;Escorpion;3292;13/01/2013
2;4;2;1;5;Capricornio;3291;12/01/2013
2;2;5;9;3;Acuario;3290;11/01/2013
2;6;2;9;9;Piscis;3289;10/01/2013
2;5;2;6;2;Cancer;3288;09/01/2013
2;5;5;9;5;Leo;3287;08/01/2013
2;4;4;5;1;Cancer;3286;07/01/2013
2;5;7;8;5;Capricornio;3285;06/01/2013
2;7;8;7;8;Virgo;3284;05/01/2013
2;7;7;7;6;Sagitario;3283;04/01/2013
2;4;2;1;3;Aries;3282;03/01/2013
2;8;5;2;8;Aries;3281;02/01/2013
2;1;4;4;3;Cancer;3280;31/12/2012
2;4;9;8;7;Virgo;3279;30/12/2012
2;8;3;5;1;Escorpion;3278;29/12/2012
2;5;7;7;0;Acuario;3277;28/12/2012
2;1;4;8;6;Cancer;3276;27/12/2012
2;5;0;4;5;Tauro;3275;26/12/2012
2;8;3;1;7;Escorpion;3274;25/12/2012
2;9;5;7;6;Libra;3273;24/12/2012
2;8;3;3;3;Capricornio;3272;23/12/2012
2;0;3;4;8;Capricornio;3271;22/12/2012
2;7;0;3;8;Libra;3270;21/12/2012
2;5;9;1;5;Geminis;3269;20/12/2012
2;4;8;0;4;Libra;3268;19/12/2012
2;9;8;2;2;Escorpion;3267;18/12/2012
2;2;2;4;3;Libra;3266;17/12/2012
2;5;8;2;6;Escorpion;3265;16/12/2012
2;9;2;6;1;Sagitario;3264;15/12/2012
2;1;8;1;8;Tauro;3263;14/12/2012
2;1;5;0;2;Geminis;3262;13/12/2012
2;6;2;8;2;Escorpion;3261;12/12/2012
2;4;3;4;8;Tauro;3260;11/12/2012
2;6;6;0;5;Tauro;3259;10/12/2012
2;6;5;1;5;Capricornio;3258;09/12/2012
2;8;1;9;3;Piscis;3257;08/12/2012
2;8;0;1;2;Capricornio;3256;07/12/2012
2;5;0;0;7;Sagitario;3255;06/12/2012
2;0;3;3;0;Acuario;3254;05/12/2012
2;7;2;3;2;Escorpion;3253;04/12/2012
2;8;9;5;2;Sagitario;3252;03/12/2012
2;0;2;8;7;Sagitario;3251;02/12/2012
2;0;6;4;8;Escorpion;3250;01/12/2012
2;3;8;4;8;Libra;3249;30/11/2012
2;0;5;0;7;Libra;3248;29/11/2012
2;2;1;8;4;Acuario;3247;28/11/2012
2;9;3;1;0;Cancer;3246;27/11/2012
2;0;8;0;5;Escorpion;3245;26/11/2012
2;9;3;1;0;Geminis;3244;25/11/2012
2;4;0;2;7;Escorpion;3243;24/11/2012
2;9;6;9;9;Geminis;3242;23/11/2012
2;3;8;6;0;Acuario;3241;22/11/2012
2;7;6;3;2;Escorpion;3240;21/11/2012
2;5;0;2;2;Piscis;3239;20/11/2012
2;4;9;5;6;Virgo;3238;19/11/2012
2;4;6;8;6;Aries;3237;18/11/2012
2;4;6;1;0;Libra;3236;17/11/2012
2;1;2;8;5;Sagitario;3235;16/11/2012
2;2;4;4;6;Acuario;3234;15/11/2012
2;6;9;9;9;Libra;3233;14/11/2012
2;5;4;4;8;Virgo;3232;13/11/2012
2;0;4;8;2;Tauro;3231;12/11/2012
2;5;4;4;6;Tauro;3230;11/11/2012
2;9;7;5;1;Sagitario;3229;10/11/2012
2;4;7;9;3;Piscis;3228;09/11/2012
2;7;4;5;4;Piscis;3227;08/11/2012
2;9;2;5;8;Capricornio;3226;07/11/2012
2;4;4;2;9;Aries;3225;06/11/2012
2;7;3;6;5;Acuario;3224;05/11/2012
2;3;9;2;4;Virgo;3223;04/11/2012
2;1;6;7;4;Cancer;3222;03/11/2012
2;6;9;6;5;Sagitario;3221;02/11/2012
2;9;5;5;9;Tauro;3220;01/11/2012
2;6;6;6;2;Escorpion;3219;31/10/2012
2;3;8;4;8;Geminis;3218;30/10/2012
2;8;5;2;8;Acuario;3217;29/10/2012
2;1;7;8;3;Virgo;3216;28/10/2012
2;3;8;4;4;Geminis;3215;27/10/2012
2;8;1;8;3;Geminis;3214;26/10/2012
2;8;1;1;2;Escorpion;3213;25/10/2012
2;0;0;7;9;Acuario;3212;24/10/2012
2;9;9;6;0;Acuario;3211;23/10/2012
2;9;1;9;8;Cancer;3210;22/10/2012
2;3;0;8;4;Sagitario;3209;21/10/2012
2;4;3;6;9;Capricornio;3208;20/10/2012
2;9;5;1;0;Cancer;3207;19/10/2012
2;8;6;6;6;Tauro;3206;18/10/2012
2;5;7;5;1;Tauro;3205;17/10/2012
2;8;9;3;6;Leo;3204;16/10/2012
2;8;2;4;6;Capricornio;3203;15/10/2012
2;6;3;5;9;Cancer;3202;14/10/2012
2;7;8;8;2;Geminis;3201;13/10/2012
2;2;0;3;8;Acuario;3200;12/10/2012
2;4;0;0;1;Geminis;3199;11/10/2012
2;4;3;8;5;Aries;3198;10/10/2012
2;7;1;7;4;Libra;3197;09/10/2012
2;8;6;4;4;Virgo;3196;08/10/2012
2;8;7;0;8;Geminis;3195;07/10/2012
2;7;8;3;8;Tauro;3194;06/10/2012
2;3;9;9;1;Acuario;3193;05/10/2012
2;1;1;0;7;Piscis;3192;04/10/2012
2;7;2;8;5;Aries;3191;03/10/2012
2;3;9;0;5;Geminis;3190;02/10/2012
2;6;4;5;8;Acuario;3189;01/10/2012
2;1;4;8;3;Leo;3188;30/09/2012
2;0;0;2;7;Capricornio;3187;29/09/2012
2;2;7;8;1;Libra;3186;28/09/2012
2;4;1;1;2;Sagitario;3185;27/09/2012
2;7;8;8;5;Capricornio;3184;26/09/2012
2;2;9;3;0;Acuario;3183;25/09/2012
2;9;2;1;7;Libra;3182;24/09/2012
2;9;9;3;0;Capricornio;3181;23/09/2012
2;7;0;1;8;Libra;3180;22/09/2012
2;4;1;7;0;Leo;3179;21/09/2012
2;1;3;8;0;Cancer;3178;20/09/2012
2;4;3;1;3;Leo;3177;19/09/2012
2;4;3;7;6;Acuario;3176;18/09/2012
2;0;2;5;2;Escorpion;3175;17/09/2012
2;7;6;3;4;Sagitario;3174;16/09/2012
2;5;8;4;8;Aries;3173;15/09/2012
2;5;5;7;6;Geminis;3172;14/09/2012
2;1;0;7;9;Acuario;3171;13/09/2012
2;2;2;2;1;Sagitario;3170;12/09/2012
2;2;5;2;4;Geminis;3169;11/09/2012
2;4;1;5;3;Cancer;3168;10/09/2012
2;4;9;5;7;Sagitario;3167;09/09/2012
2;2;2;8;8;Tauro;3166;08/09/2012
2;9;3;4;0;Capricornio;3165;07/09/2012
2;3;5;1;7;Piscis;3164;06/09/2012
2;1;9;4;2;Acuario;3163;05/09/2012
2;8;2;3;9;Escorpion;3162;04/09/2012
2;1;3;8;3;Aries;3161;03/09/2012
2;3;0;5;5;Aries;3160;02/09/2012
2;0;6;1;5;Leo;3159;01/09/2012
2;6;3;0;0;Aries;3158;31/08/2012
2;0;8;8;0;Leo;3157;30/08/2012
2;0;9;1;9;Leo;3156;29/08/2012
2;7;8;4;6;Capricornio;3155;28/08/2012
2;4;9;7;8;Sagitario;3154;27/08/2012
2;6;5;2;0;Tauro;3153;26/08/2012
2;4;8;5;9;Geminis;3152;25/08/2012
2;4;7;9;5;Acuario;3151;24/08/2012
2;2;0;8;3;Virgo;3150;23/08/2012
2;0;0;0;8;Capricornio;3149;22/08/2012
2;2;0;9;7;Geminis;3148;21/08/2012
2;0;4;5;4;Aries;3147;20/08/2012
2;4;8;1;7;Aries;3146;19/08/2012
2;7;2;8;6;Acuario;3145;18/08/2012
2;4;0;1;1;Piscis;3144;17/08/2012
2;9;5;8;7;Escorpion;3143;16/08/2012
2;0;7;3;3;Aries;3142;15/08/2012
2;8;1;6;7;Acurio;3141;14/08/2012
2;8;9;7;5;Cancer;3140;13/08/2012
2;1;8;5;1;Virgo;3139;12/08/2012
2;3;0;6;5;Capricornio;3138;11/08/2012
2;2;0;7;1;Leo;3137;10/08/2012
2;8;0;8;0;Capricornio;3136;09/08/2012
2;3;9;5;9;Virgo;3135;08/08/2012
2;9;9;8;7;Sagitario;3134;07/08/2012
2;0;4;2;1;Leo;3133;06/08/2012
2;5;6;7;2;Acuario;3132;05/08/2012
2;5;2;1;0;Geminis;3131;04/08/2012
2;3;2;3;2;Leo;3130;03/08/2012
2;0;4;4;2;Tauro;3129;02/08/2012
2;0;9;9;3;Aries;3128;01/08/2012
2;8;3;4;3;Piscis;3127;31/07/2012
2;8;5;9;6;Geminis;3126;30/07/2012
2;6;5;6;7;Leo;3125;29/07/2012
2;2;1;8;0;Sagitario;3124;28/07/2012
2;1;3;1;2;Leo;3123;27/07/2012
2;5;3;3;8;Aries;3122;26/07/2012
2;8;3;9;6;Leo;3121;25/07/2012
2;5;7;7;5;Geminis;3120;24/07/2012
2;3;4;2;8;Libra;3119;23/07/2012
2;9;6;5;8;Leo;3118;22/07/2012
2;9;9;6;3;Geminis;3117;21/07/2012
2;4;4;2;2;Aries;3116;20/07/2012
2;7;0;9;1;Escorpion;3115;19/07/2012
2;0;9;0;2;Acuario;3114;18/07/2012
2;7;4;2;8;Geminis;3113;17/07/2012
2;6;8;3;1;Sagitario;3112;16/07/2012
2;1;9;7;1;Geminis;3111;15/07/2012
2;1;8;4;3;Aries;3110;14/07/2012
2;2;7;9;1;Aries;3109;13/07/2012
2;0;5;5;0;Escorpio;3108;12/07/2012
2;6;7;2;6;Piscis;3107;11/07/2012
2;7;9;2;6;Acurio;3106;10/07/2012
2;4;9;0;8;Libra;3105;09/07/2012
2;7;9;8;8;Piscis;3104;08/07/2012
2;5;6;4;2;Virgo;3103;07/07/2012
2;7;6;8;7;Acuario;3102;06/07/2012
2;8;0;4;4;Virgo;3101;05/07/2012
2;9;5;5;8;Libra;3100;04/07/2012
2;9;8;7;2;Escorpion;3099;03/07/2012
2;8;1;2;3;Capricornio;3098;02/07/2012
2;8;7;8;3;Tauro;3097;01/07/2012
2;7;1;0;3;Tauro;3096;30/06/2012
2;6;1;5;4;Tauro;3095;29/06/2012
2;4;6;2;7;Leo;3094;28/06/2012
2;9;0;0;5;Aries;3093;27/06/2012
2;2;3;2;1;Libra;3092;26/06/2012
2;4;6;3;3;Piscis;3091;25/06/2012
2;3;5;0;8;Aries;3090;24/06/2012
2;7;9;7;6;Leo;3089;23/06/2012
2;5;7;6;1;Capricornio;3088;22/06/2012
2;8;1;9;4;Tauro;3087;21/06/2012
2;6;7;8;6;Libra;3086;20/06/2012
2;1;5;7;8;Aries;3085;19/06/2012
2;1;0;7;3;Capricornio;3084;18/06/2012
2;2;5;8;3;Sagitario;3083;17/06/2012
2;1;2;8;7;Leo;3082;16/06/2012
2;5;8;4;0;Tauro;3081;15/06/2012
2;5;7;5;2;Acuario;3080;14/06/2012
2;4;7;9;1;Geminis;3079;13/06/2012
2;4;0;4;0;Acuario;3078;12/06/2012
2;5;6;8;9;Acuario;3077;11/06/2012
2;9;2;7;3;Piscis;3076;10/06/2012
2;6;8;4;9;Libra;3075;09/06/2012
2;2;5;2;7;Capricornio;3074;08/06/2012
2;9;5;3;7;Leo;3073;07/06/2012
2;4;4;7;3;Geminis;3072;06/06/2012
2;8;2;3;8;Escorpion;3071;05/06/2012
2;2;5;1;8;Piscis;3070;04/06/2012
2;6;7;7;4;Cancer;3069;03/06/2012
2;8;3;5;2;Tauro;3068;02/06/2012
2;3;8;1;5;Cancer;3067;01/06/2012
2;4;7;4;5;Tauro;3066;31/05/2012
2;9;6;7;3;Leo;3065;30/05/2012
2;3;2;4;4;Cancer;3064;29/05/2012
2;4;6;2;3;Aries;3063;28/05/2012
2;4;6;6;3;Escorpio;3062;27/05/2012
2;7;2;8;4;Escorpio;3061;26/05/2012
2;7;4;6;3;Sagitario;3060;25/05/2012
2;3;0;2;3;Piscis;3059;24/05/2012
2;9;9;1;3;Aries;3058;23/05/2012
2;4;2;9;7;Piscis;3057;22/05/2012
2;5;0;7;8;Tauro;3056;21/05/2012
2;6;5;1;9;Leo;3055;20/05/2012
2;1;1;1;0;Aries;3054;19/05/2012
2;0;1;5;6;Acuario;3053;18/05/2012
2;8;5;8;4;Escorpio;3052;17/05/2012
2;8;7;7;4;Piscis;3051;16/05/2012
2;5;5;9;6;Cancer;3050;15/05/2012
2;7;0;2;2;Virgo;3049;14/05/2012
2;8;2;7;1;Leo;3048;13/05/2012
2;3;3;1;1;Capricornio;3047;12/05/2012
2;0;8;1;1;Tauro;3046;11/05/2012
2;4;3;6;3;Cancer;3045;10/05/2012
2;8;0;9;6;Geminis;3044;09/05/2012
2;0;1;3;1;Libra;3043;08/05/2012
2;6;6;3;6;Escorpio;3042;07/05/2012
2;5;1;8;4;Aries;3041;06/05/2012
2;5;1;8;4;Aries;3041;06/05/2012
2;5;5;2;8;Leo;3040;05/05/2012
2;5;9;0;8;Libra;3039;04/05/2012
2;4;2;8;4;Leo;3038;03/05/2012
2;5;7;7;1;Leo;3037;02/05/2012
2;3;0;7;1;Cancer;3036;01/05/2012
2;3;4;2;7;Geminis;3035;30/04/2012
2;1;9;4;0;Leo;3034;29/04/2012
2;1;7;6;9;Cancer;3033;28/04/2012
2;4;3;2;3;Sagitario;3032;27/04/2012
2;4;4;9;5;Leo;3031;26/04/2012
2;8;2;4;6;Aries;3030;25/04/2012
2;5;2;3;5;Piscis;3029;24/04/2012
2;1;7;4;2;Acuario;3028;23/04/2012
2;1;6;8;4;Leo;3027;22/04/2012
2;3;6;0;8;Escorpio;3026;21/04/2012
2;1;8;6;6;Acuario;3025;20/04/2012
2;3;8;7;7;Libra;3024;19/04/2012
2;1;2;3;8;Escorpio;3023;18/04/2012
2;7;1;3;8;Geminis;3022;17/04/2012
2;7;7;5;6;Geminis;3021;16/04/2012
2;7;2;6;7;Cancer;3020;15/04/2012
2;0;1;8;1;Tauro;3019;14/04/2012
2;5;2;2;2;Leo;3018;13/04/2012
2;6;2;7;9;Leo;3017;12/04/2012
2;6;4;3;0;Leo;3016;11/04/2012
2;1;4;5;1;Tauro;3015;10/04/2012
2;2;6;0;2;Capricornio;3014;09/04/2012
2;6;9;4;0;Escorpion;3013;08/04/2012
2;2;0;0;9;Acurio;3012;07/04/2012
2;2;0;1;1;Sagitario;3011;05/04/2012
2;7;2;8;2;Libra;3010;04/04/2012
2;5;0;1;6;Cancer;3009;03/04/2012
2;4;0;1;7;Cancer;3008;02/04/2012
2;5;3;0;4;Tauro;3007;01/04/2012
2;1;9;2;2;Cancer;3006;31/03/2012
2;8;8;6;5;Aries;3005;30/03/2012
2;6;3;3;2;Leo;3004;29/03/2012
2;5;9;8;3;Acuario;3003;28/03/2012
2;6;5;3;2;Geminis;3002;27/03/2012
2;7;4;2;6;Aries;3001;26/03/2012
2;8;3;8;2;Virgo;3000;25/03/2012
2;9;9;4;0;Libra;2999;24/03/2012
2;2;9;1;5;Leo;2998;23/03/2012
2;6;3;8;4;Acuario;2997;22/03/2012
2;4;8;0;9;Libra;2996;21/03/2012
2;2;5;1;4;Acuario;2995;20/03/2012
2;6;7;5;9;Aries;2994;19/03/2012
2;0;5;8;0;Leo;2993;18/03/2012
2;7;8;3;4;Libra;2992;17/03/2012
2;9;4;5;3;Geminis;2991;16/03/2012
2;9;6;5;3;Tauro;2990;15/03/2012
2;8;6;0;7;Virgo;2989;14/03/2012
2;0;5;8;5;Capricornio;2988;13/03/2012
2;7;5;6;7;Tauro;2987;12/03/2012
2;3;1;6;2;Capricornio;2986;11/03/2012
2;9;3;7;9;Aries;2985;10/03/2012
2;2;9;2;9;Piscis;2984;09/03/2012
2;3;2;4;6;Tauro;2983;08/03/2012
2;0;5;0;4;Geminis;2982;07/03/2012
2;2;9;4;5;Geminis;2981;06/03/2012
2;8;7;8;4;Cancer;2980;05/03/2012
2;5;0;8;0;Geminis;2979;04/03/2012
2;6;2;5;9;Tauro;2978;03/03/2012
2;4;1;0;2;Virgo;2977;02/03/2012
2;0;8;4;8;Sagitario;2976;01/03/2012
2;6;8;4;7;Cancer;2975;29/02/2012
2;0;2;4;8;Aries;2974;28/02/2012
2;2;5;9;0;Tauro;2973;27/02/2012
2;1;4;2;6;Cancer;2972;26/02/2012
2;7;1;5;1;Escorpion;2971;25/02/2012
2;9;1;7;8;Virgo;2970;24/02/2012
2;5;4;8;3;Piscis;2969;23/02/2012
2;5;9;7;4;Cancer;2968;22/02/2012
2;2;4;0;3;Escorpio;2967;21/02/2012
2;9;6;9;9;Cancer;2966;20/02/2012
2;1;3;0;6;Aries;2965;19/02/2012
2;4;2;0;1;Cancer;2964;18/02/2012
2;9;9;6;0;Acuario;2963;17/02/2012
2;1;0;0;7;Capricornio;2962;16/02/2012
2;8;7;6;5;Piscis;2961;15/02/2012
2;2;4;8;2;Piscis;2960;14/02/2012
2;9;6;2;9;Acurio;2959;13/02/2012
2;0;6;8;0;Aries;2958;12/02/2012
2;8;3;8;1;Virgo;2957;11/02/2012
2;1;3;6;2;Aries;2956;10/02/2012
2;2;5;7;2;Escorpio;2955;09/02/2012
2;9;3;2;7;Geminis;2954;08/02/2012
2;4;2;9;5;Capricornio;2953;07/02/2012
2;8;5;1;9;Sagitario;2952;06/02/2012
2;6;4;1;3;Virgo;2951;05/02/2012
2;4;3;7;7;Cancer;2950;04/02/2012
2;4;1;9;6;Geminis;2949;03/02/2012
2;4;3;2;2;Aries;2948;02/02/2012
2;2;0;7;2;Geminis;2947;01/02/2012
2;7;2;6;9;Capricornio;2946;31/01/2012
2;4;7;1;0;Acuario;2945;30/01/2012
2;1;1;4;9;Cancer;2944;29/01/2012
2;1;5;7;2;Escorpion;2943;28/01/2012
2;1;5;3;5;Tauro;2942;27/01/2012
2;3;6;2;8;Libra;2941;26/01/2012
2;1;4;4;3;Libra;2940;25/01/2012
2;6;0;3;8;Virgo;2939;24/01/2012
2;4;8;7;0;Aries;2938;23/01/2012
2;8;5;4;1;Virgo;2937;22/01/2012
2;4;6;2;3;Geminis;2936;21/01/2012
2;1;5;7;8;Tauro;2935;20/01/2012
2;9;9;3;2;Capricornio;2934;19/01/2012
2;2;2;7;3;Virgo;2933;18/01/2012
2;3;8;7;4;Aries;2932;17/01/2012
2;2;0;0;3;Escorpio;2931;16/01/2012
2;2;7;6;3;Libra;2930;15/01/2012
2;2;4;7;5;Aries;2929;14/01/2012
2;6;7;9;8;Sagitario;2928;13/01/2012
2;6;0;7;7;Piscis;2927;12/01/2012
2;8;0;0;8;Escorpion;2926;11/01/2012
2;4;8;9;1;Virgo;2925;10/01/2012
2;4;3;4;4;Cancer;2924;09/01/2012
2;3;9;8;9;Escorpio;2923;08/01/2012
2;3;1;1;9;Virgo;2922;07/01/2012
2;4;4;2;4;Acuario;2921;06/01/2012
2;8;3;5;9;Leo;2920;05/01/2012
2;9;1;3;1;Sagitario;2919;04/01/2012
2;1;6;2;4;Acuario;2918;03/01/2012
2;7;0;0;1;Virgo;2917;02/01/2012
2;5;0;5;9;Aries;2916;31/12/2011
2;4;3;9;7;Libra;2915;30/12/2011
2;2;1;0;2;Geminis;2914;29/12/2011
2;8;5;1;4;Acuario;2913;28/12/2011
2;4;1;8;5;Aries;2912;27/12/2011
2;4;8;2;6;Tauro;2911;26/12/2011
2;2;2;3;0;Virgo;2910;25/12/2011
2;8;2;4;8;Leo;2909;24/12/2011
2;1;2;2;3;Leo;2908;23/12/2011
2;3;4;2;7;Acuario;2907;22/12/2011
2;4;3;3;5;Piscis;2906;21/12/2011
2;7;1;4;1;Acuario;2905;20/12/2011
2;2;3;2;8;Tauro;2904;19/12/2011
2;5;4;8;0;Aries;2903;18/12/2011
2;2;9;3;9;Geminis;2902;17/12/2011
2;5;5;6;4;Sagitario;2901;16/12/2011
2;4;6;3;2;Sagitario;2900;15/12/2011
2;8;6;9;4;Acuario;2899;14/12/2011
2;7;2;7;6;Tauro;2898;13/12/2011
2;5;5;1;2;Leo;2897;12/12/2011
2;2;2;2;6;Piscis;2896;11/12/2011
2;4;3;0;9;Virgo;2895;10/12/2011
2;2;3;4;4;Escorpio;2894;09/12/2011
2;2;8;3;1;Piscis;2893;08/12/2011
2;0;6;1;1;Aries;2892;07/12/2011
2;2;5;2;7;Acuario;2891;06/12/2011
2;0;1;2;5;Sagitario;2890;05/12/2011
2;4;4;3;5;Libra;2889;04/12/2011
2;1;7;6;9;Leo;2888;03/12/2011
2;5;9;4;7;Cancer;2887;02/12/2011
2;9;4;3;2;Capricornio;2886;01/12/2011
2;4;8;1;1;Cancer;2885;30/11/2011
2;6;6;1;6;Tauro;2884;29/11/2011
2;7;9;4;7;Libra;2883;28/11/2011
2;0;5;3;6;Tauro;2882;27/11/2011
2;7;9;0;2;Aries;2881;26/11/2011
2;4;1;2;2;Cancer;2880;25/11/2011
2;6;0;5;6;Cancer;2879;24/11/2011
2;2;6;7;2;Geminis;2878;23/11/2011
2;3;1;9;2;Escorpio;2877;22/11/2011
2;8;6;1;3;Escorpio;2876;21/11/2011
2;4;0;9;3;Libra;2875;20/11/2011
2;3;0;3;2;Sagitario;2874;19/11/2011
2;0;4;6;7;Tauro;2873;18/11/2011
2;1;5;3;4;Capricornio;2872;17/11/2011
2;1;5;8;1;Capricornio;2871;16/11/2011
2;8;9;4;0;Capricornio;2870;15/11/2011
2;0;2;4;5;Virgo;2869;14/11/2011
2;0;1;8;5;Libra;2868;13/11/2011
2;0;7;4;9;Libra;2867;12/11/2011
2;4;0;6;2;Leo;2866;11/11/2011
2;0;2;8;1;Capricornio;2865;10/11/2011
2;2;9;1;6;Escorpio;2864;09/11/2011
2;6;4;6;0;Piscis;2863;08/11/2011
2;8;9;7;7;Libra;2862;07/11/2011
2;8;9;1;2;Tauro;2861;06/11/2011
2;4;4;9;4;Libra;2860;05/11/2011
2;6;7;4;1;Libra;2859;04/11/2011
2;3;5;5;7;Escorpio;2858;03/11/2011
2;0;2;1;4;Tauro;2857;02/11/2011
2;4;0;4;7;Cancer;2856;01/11/2011
2;5;5;7;5;Capricornio;2855;31/10/2011
2;3;8;5;6;Leo;2854;30/10/2011
2;2;8;9;0;Virgo;2853;29/10/2011
2;7;3;8;3;Virgo;2852;28/10/2011
2;5;2;2;0;Virgo;2851;27/10/2011
2;1;7;1;6;Sagitario;2850;26/10/2011
2;3;4;8;1;Libra;2849;25/10/2011
2;9;3;1;9;Sagitario;2848;24/10/2011
2;8;2;0;1;Piscis;2847;23/10/2011
2;1;6;3;1;Virgo;2846;22/10/2011
2;8;6;7;2;Aries;2845;21/10/2011
2;4;8;6;3;Virgo;2844;20/10/2011
2;4;8;2;1;Leo;2843;19/10/2011
2;6;1;4;4;Cancer;2842;18/10/2011
2;7;6;7;4;Leo;2841;17/10/2011
2;5;3;0;7;Libra;2840;16/10/2011
2;3;2;1;8;Leo;2839;15/10/2011
2;4;8;4;4;Aries;2838;14/10/2011
2;0;6;1;6;Acuario;2837;13/10/2011
2;1;8;9;5;Tauro;2836;12/10/2011
2;2;9;4;8;Geminis;2835;11/10/2011
2;6;0;3;9;Piscis;2834;10/10/2011
2;5;3;7;6;Piscis;2833;09/10/2011
2;1;4;3;9;Geminis;2832;08/10/2011
2;6;1;3;4;Libra;2831;07/10/2011
2;4;7;7;4;Aries;2830;06/10/2011
2;2;9;2;4;Geminis;2829;05/10/2011
2;7;4;9;4;Libra;2828;04/10/2011
2;8;2;6;7;Capricornio;2827;03/10/2011
2;4;0;1;4;Libra;2826;02/10/2011
2;4;5;9;9;Piscis;2825;01/10/2011
2;3;8;2;2;Virgo;2824;30/09/2011
2;4;7;3;5;Escorpio;2823;29/09/2011
2;5;0;5;5;Acuario;2822;28/09/2011
2;3;6;0;0;Sagitario;2821;27/09/2011
2;1;9;9;7;Acuario;2820;26/09/2011
2;4;7;7;3;Piscis;2819;25/09/2011
2;9;1;4;1;Acuario;2818;24/09/2011
2;4;6;4;0;Aries;2817;23/09/2011
2;4;9;6;9;Geminis;2816;22/09/2011
2;1;3;6;9;Capricornio;2815;21/09/2011
2;8;7;3;8;Capricornio;2814;20/09/2011
2;5;3;6;4;Escorpio;2813;19/09/2011
2;5;5;6;1;Aries;2812;18/09/2011
2;8;7;9;5;Sagitario;2811;17/09/2011
2;2;0;7;9;Geminis;2810;16/09/2011
2;6;9;2;7;Aries;2809;15/09/2011
2;8;1;3;3;Cancer;2808;14/09/2011
2;0;5;4;1;Virgo;2807;13/09/2011
2;2;9;0;6;Virgo;2806;12/09/2011
2;4;6;7;9;Virgo;2805;11/09/2011
2;2;2;4;7;Cancer;2804;10/09/2011
2;3;6;1;6;Leo;2803;09/09/2011
2;6;5;3;2;Tauro;2802;08/09/2011
2;0;5;0;1;Cancer;2801;07/09/2011
2;3;3;1;1;Cancer;2800;06/09/2011
2;5;2;4;0;Escorpion;2799;05/09/2011
2;7;4;4;0;Acuario;2798;04/09/2011
2;8;1;6;4;Tauro;2797;03/09/2011
2;4;4;2;5;Aries;2796;02/09/2011
2;6;8;1;7;Libra;2795;01/09/2011
2;5;8;8;1;Libra;2794;31/08/2011
2;9;1;2;2;Escorpion;2793;30/08/2011
2;0;1;5;0;Escorpion;2792;29/08/2011
2;5;5;6;9;Acuario;2791;28/08/2011
2;1;4;9;7;Acuario;2790;27/08/2011
2;3;3;2;2;Aries;2789;26/08/2011
2;2;4;1;1;Geminis;2788;25/08/2011
2;5;4;5;4;Sagitario;2787;24/08/2011
2;9;5;7;5;Sagitario;2786;23/08/2011
2;8;7;0;9;Leo;2785;22/08/2011
2;3;1;4;0;Leo;2784;21/08/2011
2;8;2;4;0;Libra;2783;20/08/2011
2;4;4;6;5;Virgo;2782;19/08/2011
2;5;8;2;6;Escorpion;2781;18/08/2011
2;4;7;8;9;Sagitario;2780;17/08/2011
2;9;3;0;0;Acuario;2779;16/08/2011
2;7;7;7;6;Leo;2778;15/08/2011
2;7;3;0;0;Piscis;2777;14/08/2011
2;3;7;7;6;Sagitario;2776;13/08/2011
2;6;3;1;9;Cancer;2775;12/08/2011
2;7;9;5;8;Aries;2774;11/08/2011
2;7;7;6;2;Geminis;2773;10/08/2011
2;0;6;4;7;Escorpion;2772;09/08/2011
2;3;4;4;8;Leo;2771;08/08/2011
2;4;0;7;0;Piscis;2770;07/08/2011
2;8;0;9;5;Aries;2769;06/08/2011
2;6;9;3;6;Leo;2768;05/08/2011
2;9;3;0;5;Tauro;2767;04/08/2011
2;5;8;3;3;Capricornio;2766;03/08/2011
2;9;2;6;9;Capricornio;2765;02/08/2011
2;0;6;0;8;Virgo;2764;01/08/2011
2;4;5;4;2;Leo;2763;31/07/2011
2;8;4;2;6;Virgo;2762;30/07/2011
2;7;7;2;1;Aries;2761;29/07/2011
2;3;2;6;6;Aries;2760;28/07/2011
2;0;7;5;4;Acuario;2759;27/07/2011
2;0;0;7;9;Virgo;2758;26/07/2011
2;7;4;1;1;Piscis;2757;25/07/2011
2;2;9;9;2;Escorpio;2756;24/07/2011
2;3;6;3;3;Acuario;2755;23/07/2011
2;4;4;3;2;Libra;2754;22/07/2011
2;1;7;4;5;Aries;2753;21/07/2011
2;3;3;2;1;Aries;2752;20/07/2011
2;3;1;0;5;Piscis;2751;19/07/2011
2;8;8;0;2;Aries;2750;18/07/2011
2;9;1;3;8;Virgo;2749;17/07/2011
2;0;2;8;0;Piscis;2748;16/07/2011
2;8;3;0;2;Geminis;2747;15/07/2011
2;5;7;6;8;Escorpio;2746;14/07/2011
2;7;7;4;1;Leo;2745;13/07/2011
2;5;6;7;4;Capricornio;2744;12/07/2011
2;6;7;0;5;Tauro;2743;11/07/2011
2;0;2;3;2;Capricornio;2742;10/07/2011
2;4;7;7;3;Tauro;2741;09/07/2011
2;8;3;4;1;Tauro;2740;08/07/2011
2;0;8;2;0;Libra;2739;07/07/2011
2;4;0;5;9;Cancer;2738;06/07/2011
2;2;7;9;7;Acuario;2737;05/07/2011
2;0;2;1;4;Libra;2736;04/07/2011
2;3;3;3;5;Piscis;2735;03/07/2011
2;3;3;3;7;Cancer;2734;02/07/2011
2;1;0;5;5;Leo;2733;01/07/2011
2;7;3;8;6;Acuario;2732;30/06/2011
2;8;5;2;2;Leo;2731;29/06/2011
2;4;4;1;9;Aries;2730;28/06/2011
2;8;4;2;9;Leo;2729;27/06/2011
2;7;7;9;3;Sagitario;2728;26/06/2011
2;8;2;2;5;Cancer;2727;25/06/2011
2;4;6;0;4;Geminis;2726;24/06/2011
2;8;1;0;5;Piscis;2725;23/06/2011
2;9;3;8;4;Libra;2724;22/06/2011
2;1;9;0;6;Capricornio;2723;21/06/2011
2;7;7;0;8;Cancer;2722;20/06/2011
2;6;4;4;0;Capricornio;2721;19/06/2011
2;2;4;0;5;Piscis;2720;18/06/2011
2;1;4;4;8;Piscis;2719;17/06/2011
2;2;5;0;5;Piscis;2718;16/06/2011
2;7;1;8;1;Cancer;2717;15/06/2011
2;4;2;0;3;Aries;2716;14/06/2011
2;8;9;1;9;Capricornio;2715;13/06/2011
2;4;2;6;2;Acurio;2714;12/06/2011
2;1;1;8;7;Sagitario;2713;11/06/2011
2;9;9;9;2;Escorpion;2712;10/06/2011
2;3;2;3;1;Tauro;2711;09/06/2011
2;3;7;6;1;Tauro;2710;08/06/2011
2;4;1;0;9;Libra;2709;07/06/2011
2;1;2;5;5;Capricornio;2708;06/06/2011
2;1;8;9;9;Piscis;2707;05/06/2011
2;7;1;9;5;Aries;2706;04/06/2011
2;2;8;2;1;Cancer;2705;03/06/2011
2;3;7;2;8;Acuario;2704;02/06/2011
2;7;6;9;5;Virgo;2703;01/06/2011
2;5;9;2;5;Cancer;2702;31/05/2011
2;6;2;7;5;Aries;2701;30/05/2011
2;7;3;5;2;Tauro;2700;29/05/2011
2;9;2;5;2;Libra;2699;28/05/2011
2;2;0;4;1;Leo;2698;27/05/2011
2;4;0;5;2;Acuario;2697;26/05/2011
2;5;3;2;7;Sagitario;2696;25/05/2011
2;3;3;3;4;Cancer;2695;24/05/2011
2;7;4;8;0;Tauro;2694;23/05/2011
2;0;2;6;5;Cancer;2693;22/05/2011
2;7;1;5;0;Acuario;2692;21/05/2011
2;0;1;9;2;Acuario;2691;20/05/2011
2;7;0;0;1;Cancer;2690;19/05/2011
2;3;3;9;9;Leo;2689;18/05/2011
2;6;4;3;8;Cancer;2688;17/05/2011
2;8;8;8;2;Tauro;2687;16/05/2011
2;3;8;6;9;Virgo;2686;15/05/2011
2;4;1;8;6;Sagitario;2685;14/05/2011
2;9;8;5;2;Cancer;2684;13/05/2011
2;6;7;2;1;Leo;2683;12/05/2011
2;0;2;1;7;Escorpion;2682;11/05/2011
2;1;6;1;9;Leo;2681;10/05/2011
2;4;6;6;1;Aries;2680;09/05/2011
2;5;1;1;0;Sagitario;2679;08/05/2011
2;3;8;4;2;Sagitario;2678;07/05/2011
2;7;4;9;9;Capricornio;2677;06/05/2011
2;6;7;5;2;Libra;2676;05/05/2011
2;0;0;1;1;Geminis;2675;04/05/2011
2;0;8;4;4;Capricornio;2674;03/05/2011
2;1;0;2;4;Libra;2673;02/05/2011
2;7;1;7;8;Geminis;2672;01/05/2011
2;7;7;9;5;Escorpion;2671;30/04/2011
2;5;3;0;6;Geminis;2670;29/04/2011
2;1;7;0;7;Aries;2669;28/04/2011
2;8;5;3;1;Leo;2668;27/04/2011
2;0;5;6;1;Tauro;2667;26/04/2011
2;0;3;6;5;Leo;2666;25/04/2011
2;7;1;8;4;Capricornio;2665;24/04/2011
2;7;6;1;9;Capricornio;2664;23/04/2011
2;0;2;3;4;Aries;2663;21/04/2011
2;4;0;9;6;Tauro;2662;20/04/2011
2;5;1;2;1;Aries;2661;19/04/2011
2;5;8;4;2;Leo;2660;18/04/2011
2;7;7;3;1;Cancer;2659;17/04/2011
2;5;8;3;0;Sagitario;2658;16/04/2011
2;0;1;0;1;Virgo;2657;15/04/2011
2;7;2;4;2;Virgo;2656;14/04/2011
2;0;5;1;1;Piscis;2655;13/04/2011
2;7;3;5;7;Escorpion;2654;12/04/2011
2;8;4;7;8;Tauro;2653;11/04/2011
2;8;2;6;4;Escorpion;2652;10/04/2011
2;7;9;5;0;Leo;2651;09/04/2011
2;8;1;8;7;Capricornio;2650;08/04/2011
2;5;3;4;2;Sagitario;2649;07/04/2011
2;2;9;9;9;Tauro;2648;06/04/2011
2;4;4;2;4;Geminis;2647;05/04/2011
2;2;8;7;2;Sagitario;2646;04/04/2011
2;5;9;9;8;Escorpion;2645;03/04/2011
2;2;8;8;9;Capricornio;2644;02/04/2011
2;3;2;4;2;Escorpion;2643;01/04/2011
2;5;4;5;2;Virgo;2642;31/03/2011
2;7;7;7;4;Acuario;2641;30/03/2011
2;4;9;5;9;Leo;2640;29/03/2011
2;3;4;2;8;Libra;2639;28/03/2011
2;6;1;8;8;Aries;2638;27/03/2011
2;8;7;9;2;Piscis;2637;26/03/2011
2;2;2;0;7;Escorpion;2636;25/03/2011
2;1;4;6;8;Acuario;2635;24/03/2011
2;8;0;5;4;Libra;2634;23/03/2011
2;9;6;9;7;Tauro;2633;22/03/2011
2;7;2;3;2;Geminis;2632;21/03/2011
2;1;2;4;2;Virgo;2631;20/03/2011
2;2;3;0;0;Capricornio;2630;19/03/2011
2;8;8;9;4;Capricornio;2629;18/03/2011
2;5;4;7;2;Capricornio;2628;17/03/2011
2;3;8;6;1;Libra;2627;16/03/2011
2;2;6;0;3;Piscis;2626;15/03/2011
2;8;2;1;0;Aries;2625;14/03/2011
2;8;0;3;7;Libra;2624;13/03/2011
2;6;3;3;8;Escorpio;2623;12/03/2011
2;0;3;2;7;Acuario;2622;11/03/2011
2;0;4;3;9;Libra;2621;10/03/2011
2;2;6;9;5;Virgo;2620;09/03/2011
2;8;3;7;3;Aries;2619;08/03/2011
2;1;6;0;4;Capricornio;2618;07/03/2011
2;2;0;5;6;Virgo;2617;06/03/2011
2;4;3;9;0;Leo;2616;05/03/2011
2;0;4;3;2;Geminis;2615;04/03/2011
2;8;1;9;5;Piscis;2614;03/03/2011
2;6;4;4;9;Cancer;2613;02/03/2011
2;9;0;9;2;Capricornio;2612;01/03/2011
2;5;8;0;0;Virgo;2611;28/02/2011
2;9;6;7;6;Capricornio;2610;27/02/2011
2;4;0;5;4;Acuario;2609;26/02/2011
2;1;2;6;8;Escorpion;2608;25/02/2011
2;2;8;2;7;Aries;2607;24/02/2011
2;3;2;6;1;Capricornio;2606;23/02/2011
2;2;0;6;5;Acuario;2605;22/02/2011
2;7;4;4;3;Piscis;2604;21/02/2011
2;8;5;3;3;Piscis;2603;20/02/2011
2;3;0;5;5;Aries;2602;19/02/2011
2;0;0;7;5;Aries;2601;18/02/2011
2;7;6;9;5;Libra;2600;17/02/2011
2;0;5;9;9;Cancer;2599;16/02/2011
2;6;9;5;7;Aries;2598;15/02/2011
2;5;9;2;6;Sagitario;2597;14/02/2011
2;8;9;3;9;Aries;2596;13/02/2011
2;2;3;9;0;Aries;2595;12/02/2011
2;1;1;4;6;Sagitario;2594;11/02/2011
2;0;2;7;9;Aries;2593;10/02/2011
2;7;8;2;4;Geminis;2592;09/02/2011
2;7;5;7;2;Aries;2591;08/02/2011
2;4;9;0;9;Sagitario;2590;07/02/2011
2;4;9;7;1;Virgo;2589;06/02/2011
2;9;4;4;2;Sagitario;2588;05/02/2011
2;7;8;5;3;Aries;2587;04/02/2011
2;6;7;9;1;Cancer;2586;03/02/2011
2;6;1;4;2;Libra;2585;02/02/2011
2;5;2;3;3;Libra;2584;01/02/2011
2;6;5;9;3;Cancer;2583;31/01/2011
2;4;9;1;8;Libra;2582;30/01/2011
2;1;0;9;7;Cancer;2581;29/01/2011
2;5;1;1;3;Capricornio;2580;28/01/2011
2;7;5;6;4;Sagitario;2579;27/01/2011
2;0;9;6;4;Tauro;2578;26/01/2011
2;0;9;7;4;Aries;2577;25/01/2011
2;2;0;9;4;Escorpio;2576;24/01/2011
2;5;8;2;6;Capricornio;2575;23/01/2011
2;8;2;4;5;Aries;2574;22/01/2011
2;2;1;3;9;Cancer;2573;21/01/2011
2;6;5;0;6;Escorpio;2572;20/01/2011
2;8;6;8;5;Cancer;2571;19/01/2011
2;1;7;4;4;Virgo;2570;18/01/2011
2;4;2;6;6;Geminis;2569;17/01/2011
2;2;3;8;2;Aries;2568;16/01/2011
2;5;5;3;2;Libra;2567;15/01/2011
2;6;7;0;1;Piscis;2566;14/01/2011
2;3;2;5;2;Piscis;2565;13/01/2011
2;1;1;4;5;Capricornio;2564;12/01/2011
2;9;0;8;2;Aries;2563;11/01/2011
2;2;5;7;3;Sagitario;2562;10/01/2011
2;3;6;6;3;Virgo;2561;09/01/2011
2;2;5;1;3;Piscis;2560;08/01/2011
2;5;4;8;2;Libra;2559;07/01/2011
2;0;8;3;5;Libra;2558;06/01/2011
2;2;2;8;3;Cancer;2557;05/01/2011
2;1;8;5;1;Libra;2556;04/01/2011
2;8;8;3;8;Capricornio;2555;03/01/2011
2;2;3;5;4;Virgo;2554;02/01/2011
2;4;8;9;1;Cancer;2553;31/12/2010
2;2;6;4;7;Sagitario;2552;30/12/2010
2;1;2;0;0;Virgo;2551;29/12/2010
2;2;5;0;4;Cancer;2550;28/12/2010
2;6;9;3;7;Geminis;2549;27/12/2010
2;4;6;8;6;Acuario;2548;26/12/2010
2;6;2;7;2;Libra;2547;25/12/2010
2;0;7;7;8;Libra;2546;24/12/2010
2;6;0;1;9;Capricornio;2545;23/12/2010
2;7;8;0;6;Aries;2544;22/12/2010
2;6;7;3;3;Aries;2543;21/12/2010
2;7;9;9;4;Capricornio;2542;20/12/2010
2;1;6;4;8;Piscis;2541;19/12/2010
2;2;2;2;5;Cancer;2540;18/12/2010
2;2;0;7;3;Capricornio;2539;17/12/2010
2;7;3;1;2;Virgo;2538;16/12/2010
2;1;1;0;1;Sagitario;2537;15/12/2010
2;5;0;8;3;Escorpion;2536;14/12/2010
2;1;7;3;1;Escorpion;2535;13/12/2010
2;7;7;7;4;Piscis;2534;12/12/2010
2;6;2;2;7;Cancer;2533;11/12/2010
2;7;5;6;0;Tauro;2532;10/12/2010
2;6;7;1;1;Sagitario;2531;09/12/2010
2;2;9;7;0;Leo;2530;08/12/2010
2;8;6;4;4;Libra;2529;07/12/2010
2;4;8;8;3;Escorpion;2528;06/12/2010
2;3;5;1;4;Piscis;2527;05/12/2010
2;1;0;2;5;Tauro;2526;04/12/2010
2;9;6;1;2;Virgo;2525;03/12/2010
2;1;9;0;3;Libra;2524;02/12/2010
2;4;6;3;2;Leo;;01/12/2010
2;4;3;3;3;Virgo;;30/11/2010
2;7;2;0;6;Aries;;29/11/2010
2;9;3;8;9;Capricornio;;28/11/2010
2;1;8;8;4;Tauro;;27/11/2010
2;5;4;1;6;Geminis;;26/11/2010
2;0;0;5;6;Tauro;;25/11/2010
2;4;3;9;4;Geminis;;24/11/2010
2;4;0;2;2;Cancer;;23/11/2010
2;5;4;9;9;Tauro;;22/11/2010
2;5;2;6;3;Aries;;21/11/2010
2;0;8;9;1;Virgo;;20/11/2010
2;4;5;2;9;Geminis;;19/11/2010
2;9;2;9;3;Escorpion;;18/11/2010
2;8;3;4;9;Capricornio;;17/11/2010
2;2;6;8;6;Capricornio;;16/11/2010
2;6;1;2;6;Aries;;15/11/2010
2;9;1;5;0;Sagitario;;14/11/2010
2;1;7;8;3;Capricornio;;13/11/2010
2;2;3;6;6;Escorpion;;12/11/2010
2;8;9;7;9;Virgo;;11/11/2010
2;5;5;4;7;Acuario;;10/11/2010
2;9;2;9;5;Piscis;;09/11/2010
2;5;2;6;9;Tauro;;08/11/2010
2;3;6;4;8;Leo;;07/11/2010
2;2;3;6;0;Piscis;;06/11/2010
2;2;8;6;0;Piscis;;05/11/2010
2;4;8;0;7;Piscis;;04/11/2010
2;2;3;6;9;Libra;;03/11/2010
2;8;9;4;5;Libra;;02/11/2010
2;9;8;2;2;Leo;;01/11/2010
2;3;6;3;9;Cancer;;31/10/2010
2;8;6;7;2;Acuario;;30/10/2010
2;2;5;5;1;Escorpion;;29/10/2010
2;5;0;4;8;Aries;;28/10/2010
2;5;9;5;4;Libra;;27/10/2010
2;9;1;0;5;Sagitario;;26/10/2010
2;8;1;7;9;Libra;;25/10/2010
2;0;8;8;1;Geminis;;24/10/2010
2;8;7;4;1;Piscis;;23/10/2010
2;4;1;7;0;Acuario;;22/10/2010
2;7;8;9;6;Acuario;;21/10/2010
2;4;3;9;6;Cancer;;20/10/2010
2;7;3;1;0;Virgo;;19/10/2010
2;3;9;9;3;Tauro;;18/10/2010
2;4;4;4;5;Virgo;;17/10/2010
2;1;2;8;4;Sagitario;;16/10/2010
2;9;7;9;9;Libra;;15/10/2010
2;3;8;7;2;Libra;;14/10/2010
2;1;8;6;3;Escorpion;;13/10/2010
2;3;5;1;4;Escorpion;;12/10/2010
2;9;4;2;3;Tauro;;11/10/2010
2;1;4;1;0;PISCIS;;10/10/2010
2;6;8;7;7;Libra;;09/10/2010
2;8;6;1;4;Acuario;;08/10/2010
2;2;0;4;0;Leo;;07/10/2010
2;5;3;8;4;Capricornio;;06/10/2010
2;5;7;3;4;Tauro;;05/10/2010
2;1;3;8;9;Acuario;;04/10/2010
2;3;5;3;9;Escorpion;;03/10/2010
2;7;5;4;7;Acuario;;02/10/2010
2;1;3;5;8;Sagitario;;01/10/2010
2;1;1;6;3;Virgo;;30/09/2010
2;3;4;6;9;Cancer;;29/09/2010
2;6;8;1;5;Cancer;;28/09/2010
2;5;4;3;9;Piscis;;27/09/2010
2;0;7;6;5;Virgo;;26/09/2010
2;2;8;0;2;Libra;;25/09/2010
2;0;4;7;0;Aries;;24/09/2010
2;7;3;4;5;Capricornio;;23/09/2010
2;9;2;0;5;Virgo;;22/09/2010
2;4;5;3;0;Piscis;;21/09/2010
2;9;6;5;2;Geminis;;20/09/2010
2;4;3;8;5;Aries;;19/09/2010
2;4;7;2;6;Libra;;18/09/2010
2;4;2;3;5;Libra;;17/09/2010
2;3;8;2;5;Leo;;16/09/2010
2;7;7;7;8;Leo;;15/09/2010
2;0;5;7;1;Piscis;;14/09/2010
2;6;7;6;3;Geminis;;13/09/2010
2;1;9;5;8;Tauro;;12/09/2010
2;8;9;7;6;Cancer;;11/09/2010
2;7;3;1;0;Aries;;10/09/2010
2;3;2;1;7;Libra;;09/09/2010
2;5;8;9;0;Acuario;;08/09/2010
2;4;8;2;7;Aries;;07/09/2010
2;3;2;6;2;Virgo;;06/09/2010
2;8;2;5;9;Sagitario;;05/09/2010
2;0;3;0;9;Leo;;04/09/2010
2;5;1;7;2;Capricornio;;03/09/2010
2;1;0;5;5;VIRGO;;02/09/2010
2;3;9;7;4;TAURO;;01/09/2010
2;2;6;8;4;ARIES;;31/08/2010
2;7;2;2;2;ARIES;;30/08/2010
2;2;3;1;8;LIBRA;;29/08/2010
2;2;6;0;5;LIBRA;;28/08/2010
2;3;2;6;1;CAPRICORNIO;;27/08/2010
2;8;7;6;4;GEMINIS;;26/08/2010
2;1;9;6;9;ACUARIO;;25/08/2010
2;1;7;3;9;PISCIS;;24/08/2010
2;6;5;3;2;CANCER;;23/08/2010
2;3;6;4;6;GEMINIS;;22/08/2010
2;1;3;6;1;VIRGO;;21/08/2010
2;4;6;3;9;LIBRA;;20/08/2010
2;9;3;0;9;SAGITARIO;;19/08/2010
2;0;1;1;5;ACUARIO;;18/08/2010
2;5;7;0;4;GEMINIS;;17/08/2010
2;7;6;3;3;CAPRICORNIO;;16/08/2010
2;2;2;1;1;GEMINIS;;15/08/2010
2;4;5;7;5;SAGITARIO;;14/08/2010
2;4;9;6;8;CANCER;;13/08/2010
2;0;8;1;1;TAURO;;12/08/2010
2;2;7;6;1;LIBRA;;11/08/2010
2;1;4;4;0;GEMINIS;;10/08/2010
2;7;0;9;4;LIBRA;;09/08/2010
2;5;7;3;6;ACUARIO;;08/08/2010
2;3;6;4;4;CAPRICORNIO;;07/08/2010
2;3;0;1;2;ARIES;;06/08/2010
2;4;9;5;6;GEMINIS;;05/08/2010
2;9;4;7;2;GEMINIS;;04/08/2010
2;8;6;9;1;ARIES;;03/08/2010
2;2;5;5;0;LIBRA;;02/08/2010
2;7;4;8;1;ACUARIO;;01/08/2010
2;4;6;7;2;CAPRICORNIO;;31/07/2010
2;7;6;4;1;GEMINIS;;30/07/2010
2;4;5;3;4;CAPRICORNIO;;29/07/2010
2;9;1;2;9;TAURO;;28/07/2010
2;2;8;8;0;ACUARIO;;27/07/2010
2;6;8;7;8;LIBRA;;26/07/2010
2;4;0;1;1;ARIES;;25/07/2010
2;7;4;4;6;CAPRICORNIO;;24/07/2010
2;2;6;2;4;SAGITARIO;;23/07/2010
2;3;7;5;9;TAURO;;22/07/2010
2;1;9;0;0;ARIES;;21/07/2010
2;9;7;6;5;CAPRICORNIO;;20/07/2010
2;6;8;3;0;PISCIS;;19/07/2010
2;1;1;7;7;CAPRICORNIO;;18/07/2010
2;3;3;8;2;CAPRICORNIO;;17/07/2010
2;4;6;8;3;PISCIS;;16/07/2010
2;0;0;7;6;LIBRA;;15/07/2010
2;6;5;1;9;TAURO;;14/07/2010
2;0;8;7;7;CAPRICORNIO;;13/07/2010
2;9;3;3;0;GEMINIS;;12/07/2010
2;5;9;7;4;ARIES;;11/07/2010
2;6;1;4;5;PISCIS;;10/07/2010
2;1;3;0;3;TAURO;;09/07/2010
2;1;2;9;9;LEO;;08/07/2010
2;5;9;2;5;CANCER;;07/07/2010
2;1;1;0;9;LEO;;06/07/2010
2;4;4;0;5;PISCIS;;05/07/2010
2;4;2;9;0;TAURO;;04/07/2010
2;1;6;2;3;PISCIS;;03/07/2010
2;9;8;9;1;CANCER;;02/07/2010
2;1;3;4;0;LEO;;01/07/2010
2;8;0;2;7;LEO;;30/06/2010
2;9;3;9;7;ACUARIO;;29/06/2010
2;2;1;1;7;SAGITARIO;;28/06/2010
2;7;3;8;3;SAGITARIO;;27/06/2010
2;8;2;9;8;LEO;;26/06/2010
2;3;5;2;8;ESCORPION;;25/06/2010
2;4;4;4;1;GEMINIS;;24/06/2010
2;5;3;7;0;GEMINIS;;23/06/2010
2;2;8;9;7;CANCER;;22/06/2010
2;3;1;5;5;LIBRA;;21/06/2010
2;3;4;5;8;SAGITARIO;;20/06/2010
2;8;0;9;7;SAGITARIO;;19/06/2010
2;0;6;0;3;PISCIS;;18/06/2010
2;9;5;5;6;TAURO;;17/06/2010
2;0;3;9;0;ACUARIO;;16/06/2010
2;4;8;1;9;LEO;;15/06/2010
2;8;4;2;9;LEO;;14/06/2010
2;4;6;3;1;VIRGO;;13/06/2010
2;7;4;8;9;CANCER;;12/06/2010
2;3;1;1;3;CAPRICORNIO;;11/06/2010
2;3;4;0;4;SAGITARIO;;10/06/2010
2;0;6;8;7;TAURO;;09/06/2010
2;1;9;8;2;LEO;;08/06/2010
2;4;5;9;2;ARIES;;07/06/2010
2;5;8;7;5;CAPRICORNIO;;06/06/2010
2;0;1;2;6;CAPRICORNIO;;05/06/2010
2;6;5;9;5;TAURO;;04/06/2010
2;9;3;1;4;CAPRICORNIO;;03/06/2010
2;5;3;4;3;CAPRICORNIO;;02/06/2010
