1;0;1;5;6;Leo;2481;2016-04-26
1;6;0;6;6;Capricornio;2480;2016-04-25
1;3;2;3;2;Escorpion;2479;2016-04-23
1;4;8;5;1;Escorpion;2478;2016-04-22
1;5;5;5;5;Sagitario;2477;2016-04-21
1;5;1;5;8;Sagitario;2476;2016-04-20
1;2;0;3;3;Cancer;2475;2016-04-19
1;1;1;2;5;Capricornio;2474;2016-04-18
1;3;4;8;3;Tauro;2473;2016-04-16
1;3;0;8;2;Escorpion;2472;2016-04-15
1;7;2;6;8;Leo;2471;2016-04-14
1;6;9;0;2;Libra;2470;2016-04-13
1;8;0;4;6;Capricornio;2469;2016-04-12
1;8;3;7;5;Capricornio;2468;2016-04-11
1;5;8;6;9;Acuario;2467;2016-04-09
1;4;0;2;4;Geminis;2466;2016-04-08
1;8;9;7;5;Aries;2465;2016-04-07
1;9;2;6;8;Virgo;2464;2016-04-06
1;3;9;2;5;Geminis;2463;2016-04-05
1;5;1;5;6;Geminis;2462;2016-04-04
1;5;7;2;6;Tauro;2461;2016-04-02
1;0;5;0;6;Geminis;2460;2016-04-01
1;7;5;6;9;Escorpion;2459;2016-03-31
1;6;1;9;9;Aries;2458;2016-03-30
1;3;0;9;7;Acuario;2457;2016-03-29
1;5;5;6;1;Aries;2456;2016-03-28
1;9;5;8;6;Cancer;2455;2016-03-26
1;6;5;4;0;Virgo;2454;2016-03-23
1;4;7;1;0;Geminis;2453;2016-03-22
1;4;3;6;9;Aries;2452;2016-03-19
1;7;3;0;5;Escorpion;2451;2016-03-18
1;4;3;4;7;Sagitario;2450;2016-03-17
1;7;7;8;4;Virgo;2449;2016-03-16
1;8;5;1;9;Virgo;2448;2016-03-15
1;3;7;4;5;Escorpion;2447;2016-03-14
1;1;5;8;3;Geminis;2446;2016-03-12
1;0;1;7;9;Acuario;2445;2016-03-11
1;9;4;2;2;Libra;2444;2016-03-10
1;6;2;5;8;Sagitario;2443;2016-03-09
1;6;7;2;2;Sagitario;2442;2016-03-08
1;5;0;4;7;Escorpion;2441;2016-03-07
1;1;2;4;5;Aries;2440;2016-03-05
1;6;2;1;4;Virgo;2439;2016-03-04
1;9;2;6;9;Piscis;2438;2016-03-03
1;5;7;9;4;Acuario;2437;2016-03-02
1;5;3;7;8;Libra;2436;2016-03-01
1;6;1;0;4;Tauro;2435;2016-02-29
1;3;7;0;7;Escorpion;2434;2016-02-27
1;4;7;8;2;Piscis;2433;2016-02-26
1;9;8;1;9;Cancer;2432;2016-02-25
1;7;2;7;0;Capricornio;2431;2016-02-24
1;6;4;2;8;Piscis;2430;2016-02-23
1;4;0;6;5;Leo;2429;2016-02-22
1;6;2;9;2;Sagitario;2428;2016-02-20
1;1;4;9;7;Aries;2427;2016-02-19
1;4;9;7;1;Capricornio;2426;2016-02-18
1;0;8;9;7;Tauro;2425;2016-02-17
1;9;1;7;8;Piscis;2424;2016-02-16
1;1;0;2;1;Piscis;2423;2016-02-15
1;0;6;1;4;Aries;2422;2016-02-13
1;5;2;7;6;Tauro;2421;2016-02-12
1;2;6;9;0;Tauro;2420;2016-02-11
1;7;7;0;2;Capricornio;2419;2016-02-10
1;7;5;9;9;Escorpion;2418;2016-02-09
1;8;4;6;0;Sagitario;2417;2016-02-08
1;3;5;3;7;Cancer;2416;2016-02-06
1;7;3;8;6;Piscis;2415;2016-02-05
1;0;4;8;2;Tauro;2414;2016-02-04
1;9;3;9;5;Tauro;2413;2016-02-03
1;8;2;1;6;Cancer;2412;2016-02-02
1;0;7;9;8;Libra;2411;2016-02-01
1;9;1;0;3;Geminis;2410;2016-01-30
1;2;3;3;9;Geminis;2409;2016-01-29
1;4;8;2;0;Escorpion;2408;2016-01-28
1;7;0;8;1;Geminis;2407;2016-01-27
1;2;6;9;8;Capricornio;2406;2016-01-26
1;9;2;9;0;Escorpion;2405;2016-01-25
1;1;3;9;0;Sagitario;2404;2016-01-23
1;9;6;4;7;Tauro;2403;2016-01-22
1;1;8;8;5;Acuario;2402;2016-01-21
1;1;2;2;2;Virgo;2401;2016-01-20
1;8;4;4;5;Piscis;2400;2016-01-19
1;9;4;5;3;Aries;2399;2016-01-18
1;3;1;7;3;Capricornio;2398;2016-01-16
1;0;1;5;5;Virgo;2397;2016-01-15
1;5;2;9;5;Sagitario;2396;2016-01-14
1;6;6;5;9;Acuario;2395;2016-01-13
1;6;0;6;5;Sagitario;2394;2016-01-12
1;8;0;6;9;Aries;2393;2016-01-09
1;6;4;2;8;Capricornio;2392;2016-01-08
1;2;8;8;6;Virgo;2391;2016-01-07
1;0;7;7;2;Sagitario;2390;2016-01-06
1;2;3;3;5;Piscis;2389;2016-01-05
1;6;2;0;0;Cancer;2388;2016-01-04
1;2;9;5;4;Aries;2387;2016-01-02
1;2;9;5;9;Tauro;2386;2015-12-31
1;3;4;8;3;Leo;2385;2015-12-30
1;5;1;7;5;Virgo;2384;2015-12-29
1;2;7;2;9;Capricornio;2383;2015-12-28
1;5;4;1;2;Virgo;2382;2015-12-26
1;1;8;7;5;Escorpion;2381;2015-12-24
1;8;8;8;1;Leo;2380;2015-12-23
1;1;6;2;4;Sagitario;2379;2015-12-22
1;1;1;4;5;Capricornio;2378;2015-12-21
1;7;3;7;0;Acuario;2377;2015-12-19
1;3;9;2;0;Escorpion;2376;2015-12-18
1;4;2;5;4;Cancer;2375;2015-12-17
1;7;7;9;1;Geminis;2374;2015-12-16
1;5;5;7;3;Piscis;2373;2015-12-15
1;0;6;6;3;Geminis;2372;2015-12-14
1;5;1;2;7;Sagitario;2371;2015-12-12
1;8;0;6;1;Piscis;2370;2015-12-11
1;6;6;4;1;Virgo;2369;2015-12-10
1;2;0;9;5;Capricornio;2368;2015-12-09
1;0;0;9;7;Tauro;2367;2015-12-07
1;8;3;8;8;Geminis;2366;2015-12-05
1;7;5;5;1;Capricornio;2365;2015-12-04
1;6;0;1;7;Geminis;2364;2015-12-03
1;1;1;6;6;Acuario;2363;2015-12-02
1;6;6;5;4;Piscis;2362;2015-12-01
1;4;3;6;5;Geminis;2361;2015-11-30
1;8;9;8;8;Capricornio;2360;2015-11-28
1;4;7;8;4;Cancer;2359;2015-11-27
1;2;9;2;7;Cancer;2358;2015-11-26
1;8;9;5;0;Tauro;2357;2015-11-25
1;9;1;1;9;Tauro;2356;2015-11-24
1;6;2;9;4;Capricornio;2355;2015-11-23
1;3;8;3;3;Escorpion;2354;2015-11-21
1;5;2;0;0;Capricornio;2353;2015-11-20
1;0;0;0;6;Libra;2352;2015-11-19
1;5;1;2;5;Capricornio;2351;2015-11-18
1;6;9;8;3;Tauro;2350;2015-11-17
1;2;3;3;0;Libra;2349;2015-11-14
1;6;4;8;2;Capricornio;2348;2015-11-13
1;2;4;3;1;Capricornio;2347;2015-11-12
1;0;9;6;8;Capricornio;2346;2015-11-11
1;1;5;7;9;Piscis;2345;2015-11-10
1;0;8;7;1;Aries;2344;2015-11-09
1;8;3;7;5;Geminis;2343;2015-11-07
1;9;6;8;9;Tauro;2342;2015-11-06
1;7;6;6;7;Cancer;2341;2015-11-05
1;3;6;6;3;Capricornio;2340;2015-11-04
1;4;4;0;2;Leo;2339;2015-11-03
1;6;1;4;8;Acuario;2338;2015-10-31
1;7;9;7;7;Tauro;2337;2015-10-30
1;5;6;4;4;Cancer;2336;2015-10-29
1;5;2;8;4;Geminis;2335;2015-10-28
1;1;4;0;6;Leo;2334;2015-10-27
1;8;3;5;2;Libra;2333;2015-10-26
1;0;1;9;0;Cancer;2332;2015-10-24
1;9;1;7;3;Tauro;2331;2015-10-23
1;1;2;1;4;Virgo;2330;2015-10-22
1;0;6;8;2;Leo;2329;2015-10-21
1;4;7;4;3;Acuario;2328;2015-10-20
1;9;5;6;4;Sagitario;2327;2015-10-19
1;7;3;2;0;Cancer;2326;2015-10-17
1;0;1;9;2;Aries;2325;2015-10-16
1;5;3;2;4;Geminis;2324;2015-10-15
1;7;2;9;8;Virgo;2323;2015-10-14
1;6;3;2;2;Tauro;2322;2015-10-13
1;4;7;3;5;Cancer;2321;2015-10-10
1;5;0;4;1;Capricornio;2320;2015-10-09
1;4;3;9;2;Tauro;2319;2015-10-08
1;1;7;5;3;Sagitario;2318;2015-10-07
1;5;5;9;8;Piscis;2317;2015-10-06
1;0;8;9;6;Leo;2316;2015-10-05
1;6;6;4;3;Virgo;2315;2015-10-03
1;3;8;3;7;Leo;2314;2015-10-02
1;5;8;4;3;Capricornio;2313;2015-10-01
1;9;5;8;5;Geminis;2312;2015-09-30
1;5;6;7;5;Piscis;2311;2015-09-29
1;4;5;3;4;Sagitario;2310;2015-09-28
1;7;5;1;2;Capricornio;2309;2015-09-26
1;6;2;0;9;Acuario;2308;2015-09-25
1;1;7;0;1;Cancer;2307;2015-09-24
1;5;7;2;6;Piscis;2306;2015-09-23
1;1;8;2;3;Leo;2305;2015-09-22
1;0;4;8;3;Leo;2304;2015-09-21
1;9;7;1;2;Cancer;2303;2015-09-19
1;1;6;7;0;Piscis;2302;2015-09-18
1;7;7;5;3;Virgo;2301;2015-09-17
1;0;9;8;1;Escorpion;2300;2015-09-16
1;8;1;7;9;Cancer;2299;2015-09-15
1;4;7;7;7;Cancer;2298;2015-09-14
1;1;7;2;8;Acuario;2297;2015-09-12
1;4;0;3;5;Leo;2296;2015-09-11
1;6;1;3;8;Sagitario;2295;2015-09-10
1;6;7;1;8;Aries;2294;2015-09-09
1;2;6;2;5;Cancer;2293;2015-09-08
1;2;3;2;5;Acuario;2292;2015-09-07
1;9;0;7;6;Capricornio;2291;2015-09-05
1;3;7;4;1;Capricornio;2290;2015-09-04
1;6;6;5;3;Capricornio;2289;2015-09-03
1;6;5;0;3;Aries;2288;2015-09-02
1;1;7;0;8;Acuario;2287;2015-09-01
1;5;0;7;4;Geminis;2286;2015-08-31
1;3;7;7;5;Escorpion;2285;2015-08-29
1;4;7;6;9;Virgo;2284;2015-08-28
1;2;9;5;0;Piscis;2283;2015-08-27
1;7;6;2;4;Aries;2282;2015-08-26
1;5;3;6;8;Tauro;2281;2015-08-25
1;1;9;3;0;Aries;2280;2015-08-24
1;2;5;3;9;Leo;2279;2015-08-22
1;9;1;6;5;Libra;2278;2015-08-21
1;2;3;9;3;Acuario;2277;2015-08-20
1;6;8;6;6;Escorpion;2276;2015-08-19
1;1;1;6;7;Cancer;2275;2015-08-18
1;4;3;9;5;Virgo;2274;2015-08-15
1;1;2;2;1;Geminis;2273;2015-08-14
1;6;5;5;1;Acuario;2272;2015-08-13
1;9;6;0;5;Virgo;2271;2015-08-12
1;6;2;7;3;Libra;2270;2015-08-11
1;5;4;2;0;Piscis;2269;2015-08-10
1;6;3;5;8;Geminis;2268;2015-08-08
1;0;8;0;6;Piscis;2267;2015-08-06
1;4;3;2;4;Sagitario;2266;2015-08-05
1;5;0;1;2;Cancer;2265;2015-08-04
1;6;8;7;6;Geminis;2264;2015-08-03
1;1;1;4;9;Cancer;2263;2015-08-01
1;6;7;6;1;Aries;2262;2015-07-31
1;8;8;7;2;Libra;2261;2015-07-30
1;5;8;2;5;Piscis;2260;2015-07-29
1;1;2;2;2;Geminis;2259;2015-07-28
1;6;8;7;6;Leo;2258;2015-07-27
1;2;0;4;4;Libra;2257;2015-07-25
1;4;0;6;5;Leo;2256;2015-07-24
1;7;1;9;6;Tauro;2255;2015-07-23
1;1;4;0;3;Tauro;2254;2015-07-22
1;6;0;5;8;Geminis;2253;2015-07-21
1;3;3;1;8;Sagitario;2252;2015-07-18
1;1;2;7;5;Cancer;2251;2015-07-17
1;7;8;7;8;Capricornio;2250;2015-07-16
1;8;4;3;3;Sagitario;2249;2015-07-15
1;3;6;8;0;Sagitario;2248;2015-07-14
1;8;3;8;9;Libra;2247;2015-07-13
1;5;5;0;9;Virgo;2246;2015-07-11
1;3;8;7;1;Tauro;2245;2015-07-10
1;0;3;7;3;Aries;2244;2015-07-09
1;3;8;3;9;Leo;2243;2015-07-08
1;4;2;1;1;Cancer;2242;2015-07-07
1;5;4;4;4;Leo;2241;2015-07-06
1;7;6;2;4;Sagitario;2240;2015-07-04
1;6;2;1;3;Aries;2239;2015-07-03
1;0;8;4;8;Libra;2238;2015-07-02
1;4;9;9;1;Virgo;2237;2015-07-01
1;4;8;2;6;Cancer;2236;2015-06-30
1;6;2;3;5;Tauro;2235;2015-06-27
1;1;3;9;5;Cancer;2234;2015-06-26
1;1;3;2;5;Leo;2233;2015-06-25
1;0;7;8;5;Libra;2232;2015-06-24
1;5;7;3;3;Escorpion;2231;2015-06-23
1;3;0;9;7;Geminis;2230;2015-06-22
1;1;3;6;7;Libra;2229;2015-06-20
1;8;3;4;3;Acuario;2228;2015-06-19
1;8;0;0;6;Geminis;2227;2015-06-18
1;9;9;3;0;Acuario;2226;2015-06-17
1;0;9;0;9;Capricornio;2225;2015-06-16
1;7;7;2;8;Tauro;2224;2015-06-13
1;5;2;0;3;Sagitario;2223;2015-06-12
1;1;1;1;8;Leo;2222;2015-06-11
1;1;8;5;4;Sagitario;2221;2015-06-10
1;5;5;3;0;Aries;2220;2015-06-09
1;1;9;1;9;Capricornio;2219;2015-06-06
1;6;3;8;2;Capricornio;2218;2015-06-05
1;8;3;5;3;Cancer;2217;2015-06-04
1;7;2;6;5;Cancer;2216;2015-06-03
1;6;5;9;5;Virgo;2215;2015-06-02
1;4;3;5;8;Libra;2214;2015-06-01
1;9;2;8;5;Acuario;2213;2015-05-30
1;0;7;1;7;Acuario;2212;2015-05-29
1;1;7;4;8;Libra;2211;2015-05-28
1;8;3;2;3;Piscis;2210;2015-05-27
1;8;8;8;5;Tauro;2209;2015-05-26
1;4;7;2;9;Tauro;2208;2015-05-25
1;6;0;9;4;Escorpion;2207;2015-05-23
1;1;9;6;5;Tauro;2206;2015-05-22
1;3;7;1;0;Capricornio;2205;2015-05-21
1;5;7;3;3;Libra;2204;2015-05-20
1;6;6;9;6;Acuario;2203;2015-05-19
1;4;3;3;7;Aries;2202;2015-05-16
1;4;4;0;3;Cancer;2201;2015-05-15
1;6;1;9;6;Geminis;2200;2015-05-14
1;3;7;3;3;Piscis;2199;2015-05-13
1;1;2;2;5;Virgo;2198;2015-05-12
1;1;0;8;2;Tauro;2197;2015-05-11
1;3;8;9;6;Virgo;2196;2015-05-09
1;2;0;7;8;Geminis;2195;2015-05-08
1;2;5;8;9;Cancer;2194;2015-05-07
1;8;8;4;4;Aries;2193;2015-05-06
1;6;5;0;2;Geminis;2192;2015-05-05
1;4;4;4;7;Cancer;2191;2015-05-04
1;3;6;8;9;Leo;2190;2015-05-02
1;1;8;2;9;Sagitario;2189;2015-04-30
1;0;3;4;3;Capricornio;2188;2015-04-29
1;7;3;9;3;Aries;2187;2015-04-28
1;1;4;7;3;Leo;2186;2015-04-27
1;6;4;2;1;Geminis;2185;2015-04-25
1;1;5;9;8;Escorpion;2184;2015-04-24
1;7;7;2;3;Tauro;2183;2015-04-23
1;6;4;9;0;Geminis;2182;2015-04-22
1;9;3;9;0;Leo;2181;2015-04-21
1;3;6;8;1;Escorpion;2180;2015-04-20
1;7;3;2;3;Sagitario;2179;2015-04-18
1;8;4;0;1;Sagitario;2178;2015-04-17
1;0;7;4;1;Virgo;2177;2015-04-16
1;9;0;4;5;Sagitario;2176;2015-04-15
1;1;5;8;4;Escorpion;2175;2015-04-14
1;9;1;0;5;Piscis;2174;2015-04-13
1;6;4;5;4;Cancer;2173;2015-04-11
1;3;5;2;6;Escorpion;2172;2015-04-10
1;5;4;4;9;Escorpion;2171;2015-04-09
1;3;3;4;8;Virgo;2170;2015-04-08
1;0;2;7;8;Leo;2169;2015-04-07
1;9;6;6;5;Tauro;2168;2015-04-06
1;5;6;8;3;Virgo;2167;2015-04-04
1;9;6;7;9;Piscis;2166;2015-04-01
1;0;5;4;8;Aries;2165;2015-03-31
1;5;2;5;1;Escorpion;2164;2015-03-30
1;1;4;6;6;Capricornio;2163;2015-03-28
1;5;7;9;4;Cancer;2162;2015-03-27
1;3;3;1;8;Escorpion;2161;2015-03-26
1;5;2;6;3;Libra;2160;2015-03-25
1;9;7;3;1;Sagitario;2159;2015-03-24
1;0;0;7;5;Aries;2158;2015-03-21
1;4;3;8;4;Acuario;2157;2015-03-20
1;7;3;0;7;Escorpion;2156;2015-03-19
1;3;2;4;9;Piscis;2155;2015-03-18
1;8;7;4;0;Cancer;2154;2015-03-17
1;7;7;2;7;Tauro;2153;2015-03-16
1;4;8;7;2;Leo;2152;2015-03-14
1;5;8;1;3;Capricornio;2151;2015-03-13
1;8;4;7;6;Cancer;2150;2015-03-12
1;6;4;5;5;Geminis;2149;2015-03-11
1;2;7;7;1;Leo;2148;2015-03-10
1;8;5;0;2;Virgo;2147;2015-03-09
1;3;6;5;8;Libra;2146;2015-03-07
1;1;5;1;7;Virgo;2145;2015-03-06
1;7;0;2;9;Geminis;2144;2015-03-05
1;9;4;8;7;Capricornio;2143;2015-03-04
1;2;5;4;6;Libra;2142;2015-03-03
1;4;4;3;6;Leo;2141;2015-03-02
1;1;5;3;6;Virgo;2140;2015-02-28
1;6;7;7;7;Tauro;2139;2015-02-27
1;0;0;7;2;Sagitario;2138;2015-02-26
1;4;2;5;5;Sagitario;2137;2015-02-25
1;5;1;7;0;Virgo;2136;2015-02-24
1;9;4;7;1;Libra;2135;2015-02-23
1;7;5;1;1;Aries;2134;2015-02-21
1;7;9;1;0;Capricornio;2133;2015-02-20
1;5;4;7;5;Virgo;2132;2015-02-19
1;9;4;1;7;Libra;2131;2015-02-18
1;1;7;7;8;Libra;2130;2015-02-17
1;6;9;2;8;Sagitario;2129;2015-02-16
1;4;8;3;2;Virgo;2128;2015-02-14
1;4;6;8;0;Leo;2127;2015-02-13
1;0;3;7;1;Sagitario;2126;2015-02-12
1;5;5;7;7;Virgo;2125;2015-02-11
1;0;3;7;1;Leo;2124;2015-02-10
1;7;9;3;4;Sagitario;2123;2015-02-09
1;6;6;3;1;Aries;2122;2015-02-07
1;7;5;6;0;Libra;2121;2015-02-06
1;1;5;5;6;Sagitario;2120;2015-02-05
1;0;8;6;3;Aries;2119;2015-02-04
1;2;2;2;2;Geminis;2118;2015-02-03
1;2;5;2;2;Acuario;2117;2015-02-02
1;7;0;6;0;Cancer;2116;2015-01-31
1;1;4;1;2;Geminis;2115;2015-01-30
1;7;1;0;4;Escorpion;2114;2015-01-29
1;7;4;4;8;Virgo;2113;2015-01-28
1;7;9;6;8;Sagitario;2112;2015-01-27
1;5;4;7;9;Piscis;2111;2015-01-26
1;5;4;8;6;Cancer;2110;2015-01-24
1;3;4;6;0;Acuario;2109;2015-01-23
1;2;2;6;8;Geminis;2108;2015-01-22
1;6;6;2;3;Geminis;2107;2015-01-21
1;4;6;1;4;Aries;2106;2015-01-20
1;9;8;7;4;Escorpion;2105;2015-01-19
1;7;8;1;0;Escorpion;2104;2015-01-17
1;7;4;6;0;Acuario;2103;2015-01-16
1;6;9;7;0;Piscis;2102;2015-01-15
1;0;9;4;3;Aries;2101;2015-01-14
1;1;4;5;1;Leo;2100;2015-01-13
1;2;6;6;4;Virgo;2099;2015-01-10
1;5;8;3;1;Aries;2098;2015-01-09
1;6;2;4;5;Geminis;2097;2015-01-08
1;8;5;1;0;Aries;2096;2015-01-07
1;1;8;1;4;Aries;2095;2015-01-06
1;8;7;5;4;Tauro;2094;2015-01-05
1;6;6;0;8;Aries;2093;2015-01-03
1;9;8;6;1;Sagitario;2092;2015-01-02
1;1;5;0;5;Virgo;2091;2014-12-31
1;6;1;5;9;Leo;2090;2014-12-30
1;9;8;2;6;Acuario;2089;2014-12-29
1;9;9;2;8;Escorpion;2088;2014-12-27
1;9;3;2;7;Escorpion;2087;2014-12-26
1;0;2;8;0;Aries;2086;2014-12-24
1;0;4;7;8;Capricornio;2085;2014-12-23
1;0;1;7;1;Libra;2084;2014-12-22
1;2;0;3;6;Piscis;2083;2014-12-20
1;5;6;8;0;Acuario;2082;2014-12-19
1;4;0;8;7;Virgo;2081;2014-12-18
1;7;9;9;4;Libra;2080;2014-12-17
1;1;4;5;7;Virgo;2079;2014-12-16
1;3;3;5;3;Sagitario;2078;2014-12-15
1;8;3;5;3;Tauro;2077;2014-12-13
1;1;2;5;1;Cancer;2076;2014-12-12
1;1;7;8;7;Piscis;2075;2014-12-11
1;3;3;0;2;Geminis;2074;2014-12-10
1;8;0;5;9;Capricornio;2073;2014-12-09
1;4;1;0;0;Acuario;2072;2014-12-06
1;4;4;9;8;Cancer;2071;2014-12-05
1;0;3;5;8;Libra;2070;2014-12-04
1;9;5;6;5;Leo;2069;2014-12-03
1;5;1;0;2;Capricornio;2068;2014-12-02
1;4;0;7;6;Sagitario;2067;2014-12-01
1;8;2;3;3;Geminis;2066;2014-11-29
1;2;6;1;4;Leo;2065;2014-11-28
1;1;8;9;6;Aries;2064;2014-11-27
1;6;4;5;6;Tauro;2063;2014-11-26
1;8;3;1;5;Libra;2062;2014-11-25
1;2;8;7;5;Piscis;2061;2014-11-24
1;1;7;9;7;Geminis;2060;2014-11-22
1;9;8;1;0;Acuario;2059;2014-11-21
1;6;7;0;9;Sagitario;2058;2014-11-20
1;3;2;0;1;Cancer;2057;2014-11-19
1;8;6;3;8;Aries;2056;2014-11-18
1;5;3;1;3;Libra;2055;2014-11-15
1;1;1;8;0;Capricornio;2054;2014-11-14
1;0;6;0;6;Libra;2053;2014-11-13
1;5;0;4;1;Escorpion;2052;2014-11-12
1;0;3;2;5;Aries;2051;2014-11-11
1;2;9;5;7;Sagitario;2050;2014-11-10
1;4;8;8;8;Escorpion;2049;2014-11-08
1;9;7;7;2;Sagitario;2048;2014-11-07
1;4;4;6;4;Tauro;2047;2014-11-06
1;6;8;0;2;Piscis;2046;2014-11-05
1;1;2;8;1;Cancer;2045;2014-11-04
1;0;5;2;1;Tauro;2044;2014-11-01
1;3;2;1;7;Geminis;2043;2014-10-31
1;2;4;3;2;Piscis;2042;2014-10-30
1;7;1;5;9;Virgo;2041;2014-10-29
1;0;7;5;5;Tauro;2040;2014-10-28
1;1;0;9;7;Geminis;2039;2014-10-27
1;4;0;2;2;Escorpion;2038;2014-10-25
1;6;7;8;3;Libra;2037;2014-10-24
1;1;9;7;5;Cancer;2036;2014-10-23
1;9;4;8;6;Geminis;2035;2014-10-22
1;0;1;8;2;Piscis;2034;2014-10-21
1;7;9;3;0;Piscis;2033;2014-10-20
1;1;8;6;2;Tauro;2032;2014-10-18
1;1;6;9;7;Virgo;2031;2014-10-17
1;9;1;4;3;Virgo;2030;2014-10-16
1;0;0;2;5;Sagitario;2029;2014-10-15
1;8;3;0;8;Libra;2028;2014-10-14
1;4;4;3;8;Piscis;2027;2014-10-11
1;8;4;1;5;Capricornio;2026;2014-10-10
1;5;0;5;8;Cancer;2025;2014-10-09
1;6;9;7;9;Aries;2024;2014-10-08
1;0;4;3;5;Virgo;2023;2014-10-07
1;7;9;5;1;Leo;2022;2014-10-06
1;4;6;6;4;Geminis;2021;2014-10-04
1;8;5;7;2;Piscis;2020;2014-10-03
1;9;7;5;2;Tauro;2019;2014-10-02
1;5;6;4;4;Virgo;2018;2014-10-01
1;1;6;8;7;Geminis;2017;2014-09-30
1;6;3;6;5;Escorpion;2016;2014-09-29
1;5;6;6;0;Virgo;2015;2014-09-27
1;5;4;0;7;Escorpion;2014;2014-09-26
1;0;0;9;7;Piscis;2013;2014-09-25
1;6;8;4;9;Escorpion;2012;2014-09-24
1;4;5;3;1;Piscis;2011;2014-09-23
1;1;7;9;2;Escorpion;2010;2014-09-22
1;2;3;0;2;Virgo;2009;2014-09-20
1;9;2;9;5;Cancer;2008;2014-09-19
1;4;6;2;7;Capricornio;2007;2014-09-18
1;4;7;9;5;Tauro;2006;2014-09-17
1;0;2;6;7;Leo;2005;2014-09-16
1;6;2;3;5;Acuario;2004;2014-09-15
1;3;2;9;5;Aries;2003;2014-09-13
1;7;1;7;0;Acuario;2002;2014-09-12
1;7;4;9;1;Geminis;2001;2014-09-11
1;6;9;9;8;Aries;2000;2014-09-10
1;8;2;5;4;Sagitario;1999;2014-09-09
1;4;4;1;8;Acuario;1998;2014-09-08
1;6;0;0;6;Virgo;1997;2014-09-06
1;1;4;6;9;Cancer;1996;2014-09-05
1;5;7;8;8;Acuario;1995;2014-09-04
1;3;9;1;8;Virgo;1994;2014-09-03
1;6;8;9;7;Tauro;1993;2014-09-02
1;0;5;5;8;Virgo;1992;2014-09-01
1;2;0;4;6;Libra;1991;2014-08-30
1;3;6;0;4;Piscis;1990;2014-08-29
1;8;0;4;2;Escorpion;1989;2014-08-28
1;2;2;3;7;Libra;1988;2014-08-27
1;2;0;8;8;Cancer;1987;2014-08-26
1;8;2;3;6;Capricornio;1986;2014-08-25
1;9;7;0;5;Libra;1985;2014-08-23
1;7;1;2;1;Escorpion;1984;2014-08-22
1;9;8;5;7;Aries;1983;2014-08-21
1;7;3;6;0;Escorpion;1982;2014-08-20
1;5;7;0;0;Aries;1981;2014-08-19
1;3;0;7;0;Virgo;1980;2014-08-16
1;7;2;6;1;Tauro;1979;2014-08-15
1;2;3;1;1;Leo;1978;2014-08-14
1;5;9;0;1;Sagitario;1977;2014-08-13
1;3;1;2;2;Cancer;1976;2014-08-12
1;3;8;9;5;Leo;1975;2014-08-11
1;2;8;8;8;Sagitario;1974;2014-08-09
1;1;5;3;4;Capricornio;1973;2014-08-08
1;7;0;0;8;Leo;1972;2014-08-06
1;4;1;5;7;Leo;1971;2014-08-05
1;8;8;5;1;Leo;1970;2014-08-04
1;7;2;7;8;Aries;1969;2014-08-02
1;4;0;0;0;Leo;1968;2014-08-01
1;1;9;1;3;Sagitario;1967;2014-07-31
1;7;8;6;4;Sagitario;1966;2014-07-30
1;8;3;6;2;Tauro;1965;2014-07-29
1;3;7;9;2;Sagitario;1964;2014-07-28
1;3;9;7;4;Virgo;1963;2014-07-26
1;6;0;7;4;Capricornio;1962;2014-07-25
1;1;0;4;7;Aries;1961;2014-07-24
1;7;0;4;7;Tauro;1960;2014-07-23
1;7;7;8;7;Libra;1959;2014-07-22
1;0;4;8;0;Acuario;1958;2014-07-21
1;3;2;6;0;Cancer;1957;2014-07-19
1;4;3;5;4;Capricornio;1956;2014-07-18
1;4;2;4;9;Aries;1955;2014-07-17
1;1;0;6;9;Tauro;1954;2014-07-16
1;6;0;2;0;Geminis;1953;2014-07-15
1;0;3;9;4;Cancer;1952;2014-07-14
1;6;5;1;1;Aries;1951;2014-07-12
1;7;5;5;7;Aries;1950;2014-07-11
1;8;1;5;9;Virgo;1949;2014-07-10
1;9;9;1;8;Aries;1948;2014-07-09
1;4;1;3;2;Cancer;1947;2014-07-08
1;4;0;6;4;Virgo;1946;2014-07-07
1;9;1;3;6;Capricornio;1945;2014-07-05
1;7;5;7;6;Piscis;1944;2014-07-04
1;6;3;0;5;Geminis;1943;2014-07-03
1;6;6;2;5;Leo;1942;2014-07-02
1;2;0;4;6;Tauro;1941;2014-07-01
1;9;0;6;6;Acuario;1940;2014-06-28
1;7;0;2;7;Acuario;1939;2014-06-27
1;3;5;0;3;Capricornio;1938;2014-06-26
1;0;1;0;6;Geminis;1937;2014-06-25
1;2;6;0;5;Tauro;1936;2014-06-24
1;8;8;4;2;Acuario;1935;2014-06-21
1;1;1;2;3;Virgo;1934;2014-06-20
1;6;7;3;6;Libra;1933;2014-06-19
1;2;6;7;6;Sagitario;1932;2014-06-18
1;1;6;8;1;Piscis;1931;2014-06-17
1;6;3;9;3;Capricornio;1930;2014-06-16
1;4;6;0;6;Sagitario;1929;2014-06-14
1;7;6;1;1;Virgo;1928;2014-06-13
1;5;2;0;0;Sagitario;1927;2014-06-12
1;2;6;6;6;Aries;1926;2014-06-11
1;6;9;9;7;Tauro;1925;2014-06-10
1;5;0;2;3;Capricornio;1924;2014-06-09
1;9;7;5;2;Aries;1923;2014-06-07
1;9;4;4;0;Libra;1922;2014-06-06
1;4;1;8;2;Piscis;1921;2014-06-05
1;4;6;5;6;Geminis;1920;2014-06-04
1;7;6;8;2;Piscis;1919;2014-06-03
1;2;0;8;6;Geminis;1918;2014-05-31
1;3;1;4;6;Escorpion;1917;2014-05-30
1;5;4;3;6;Tauro;1916;2014-05-29
1;8;0;3;4;Leo;1915;2014-05-28
1;9;1;0;8;Acuario;1914;2014-05-27
1;5;7;5;1;Geminis;1913;2014-05-26
1;2;4;2;4;Leo;1912;2014-05-24
1;9;0;4;7;Aries;1911;2014-05-23
1;4;7;3;0;Virgo;1910;2014-05-22
1;8;6;7;3;Tauro;1909;2014-05-21
1;6;6;8;4;Aries;1908;2014-05-20
1;6;2;1;3;Leo;1907;2014-05-19
1;1;1;4;1;Sagitario;1906;2014-05-17
1;5;5;3;3;Escorpion;1905;2014-05-16
1;3;6;4;5;Virgo;1904;2014-05-15
1;3;1;5;0;Leo;1903;2014-05-14
1;6;6;0;6;Sagitario;1902;2014-05-13
1;2;5;7;5;Cancer;1901;2014-05-12
1;7;7;1;7;Escorpion;1900;2014-05-10
1;7;1;7;8;Cancer;1899;2014-05-09
1;3;9;7;1;Cancer;1898;2014-05-08
1;8;0;4;4;Leo;1897;2014-05-07
1;1;7;6;7;Geminis;1896;2014-05-06
1;6;4;7;2;Virgo;1895;2014-05-05
1;9;8;0;1;Cancer;1894;2014-05-03
1;5;8;3;8;Aries;1893;2014-05-02
1;6;9;7;8;Acuario;1892;2014-04-30
1;3;1;5;1;Capricornio;1891;2014-04-29
1;7;7;4;0;Libra;1890;2014-04-28
1;6;8;1;5;Acuario;1889;2014-04-26
1;1;3;6;6;Virgo;1888;2014-04-25
1;6;7;9;8;Escorpion;1887;2014-04-24
1;8;2;8;8;Geminis;1886;2014-04-23
1;0;3;1;6;Cancer;1885;2014-04-22
1;3;6;3;3;Capricornio;1884;2014-04-21
1;9;2;1;0;Capricornio;1883;2014-04-19
1;3;5;4;3;Escorpion;1882;2014-04-16
1;0;2;8;3;Geminis;1881;2014-04-15
1;2;7;9;4;Libra;1880;2014-04-14
1;9;4;5;1;Leo;1879;2014-04-12
1;7;1;5;9;Sagitario;1878;2014-04-11
1;1;7;2;7;Capricornio;1877;2014-04-10
1;5;7;3;4;Capricornio;1876;2014-04-09
1;9;5;6;6;Tauro;1875;2014-04-08
1;9;2;2;9;Aries;1874;2014-04-07
1;8;0;6;0;Escorpion;1873;05-04-2014
1;8;5;0;2;Escorpion;1872;2014-04-04
1;3;8;3;2;Leo;1871;2014-04-03
1;7;1;8;5;Acuario;1870;2014-04-02
1;5;8;1;0;Cancer;1869;2014-04-01
1;1;7;3;1;Leo;1868;2014-03-31
1;6;3;5;2;Acuario;1867;2014-03-29
1;4;8;1;8;Geminis;1866;2014-03-28
1;0;4;2;3;Geminis;1865;2014-03-27
1;0;6;8;0;Aries;1864;2014-03-26
1;5;7;7;3;Libra;1863;2014-03-25
1;5;1;6;4;Leo;1862;2014-03-22
1;4;8;0;2;Cancer;1861;2014-03-21
1;4;3;5;3;Aries;1860;2014-03-20
1;9;9;0;8;Escorpion;1859;2014-03-19
1;7;9;9;1;Aries;1858;2014-03-18
1;5;1;1;1;Cancer;1857;2014-03-17
1;2;8;0;0;Piscis;1856;2014-03-15
1;5;4;1;4;Cancer;1855;2014-03-14
1;3;5;9;3;Tauro;1854;2014-03-13
1;6;9;7;3;Virgo;1853;2014-03-12
1;1;8;3;0;Escorpion;1852;2014-03-11
1;3;7;3;9;Capricornio;1851;2014-03-10
1;2;7;9;9;Leo;1850;2014-03-08
1;7;0;4;4;Escorpion;1849;2014-03-07
1;6;8;1;9;Geminis;1848;2014-03-06
1;5;2;6;0;Cancer;1847;2014-03-05
1;1;7;9;4;Sagitario;1846;2014-03-04
1;4;7;3;5;Piscis;1845;2014-03-03
1;0;5;7;2;Libra;1844;2014-03-01
1;3;9;9;6;Tauro;1843;2014-02-28
1;9;5;6;5;Libra;1842;2014-02-27
1;5;7;3;2;Leo;1841;2014-02-26
1;5;7;2;0;Cancer;1840;2014-02-25
1;2;1;1;8;Libra;1839;2014-02-24
1;6;0;1;7;Virgo;1838;2014-02-22
1;7;8;1;2;Leo;1837;2014-02-21
1;5;0;8;1;Piscis;1836;2014-02-20
1;5;8;1;7;Aries;1835;2014-02-19
1;8;3;2;4;Acuario;1834;2014-02-18
1;3;1;9;7;Geminis;1833;2014-02-17
1;0;6;2;2;Escorpion;1832;2014-02-15
1;9;6;9;1;Aries;1831;2014-02-14
1;6;6;4;6;Libra;1830;2014-02-13
1;3;6;4;5;Aries;1829;2014-02-12
1;9;3;8;4;Escorpion;1828;2014-02-11
1;6;2;6;2;Libra;1827;2014-02-10
1;9;7;3;0;Piscis;1826;2014-02-08
1;9;3;3;6;Aries;1825;2014-02-07
1;4;3;5;4;Aries;1824;2014-02-06
1;7;5;7;8;Libra;1823;2014-02-05
1;5;0;6;5;Capricornio;1822;2014-02-04
1;0;2;8;0;Tauro;1821;2014-02-03
1;8;7;5;7;Libra;1820;2014-02-01
1;4;1;2;6;Capricornio;1819;2014-01-31
1;6;9;4;4;Leo;1818;2014-01-30
1;8;7;0;4;Piscis;1817;2014-01-29
1;9;4;3;7;Piscis;1816;2014-01-28
1;9;8;1;0;Capricornio;1815;2014-01-27
1;3;4;1;0;Geminis;1814;2014-01-25
1;9;7;7;2;Piscis;1813;2014-01-24
1;5;3;1;8;Geminis;1812;2014-01-23
1;4;4;5;7;Piscis;1811;2014-01-22
1;0;4;2;1;Sagitario;1810;2014-01-21
1;5;5;6;4;Tauro;1809;2014-01-20
1;3;2;4;5;Tauro;1808;2014-01-18
1;7;8;3;5;Capricornio;1807;2014-01-17
1;2;5;4;4;Piscis;1806;2014-01-16
1;9;3;0;8;Aries;1805;2014-01-15
1;3;2;9;8;Cancer;1804;2014-01-14
1;5;9;4;8;Virgo;1803;2014-01-13
1;8;8;0;2;Aries;1802;2014-01-11
1;1;5;9;6;Piscis;1801;2014-01-10
1;3;4;1;8;Tauro;1800;2014-01-09
1;9;1;5;2;Aries;1799;2014-01-08
1;3;4;9;8;Geminis;1798;2014-01-07
1;9;4;7;7;Piscis;1797;2014-01-04
1;3;7;3;3;Acuario;1796;2014-01-03
1;9;3;4;9;Acuario;1795;2014-01-02
1;6;2;0;7;Sagitario;1794;2013-12-31
1;6;6;5;7;Leo;1793;2013-12-30
1;0;7;2;7;Libra;1792;2013-12-28
1;1;3;7;4;Aries;1791;2013-12-27
1;7;0;6;7;Aries;1790;2013-12-26
1;6;4;8;4;Acuario;1789;2013-12-24
1;3;5;7;5;Tauro;1788;2013-12-23
1;7;2;0;2;Libra;1787;2013-12-21
1;2;0;7;6;Tauro;1786;2013-12-20
1;8;2;8;9;Sagitario;1785;2013-12-19
1;5;5;7;0;Aries;1784;2013-12-18
1;4;2;8;8;Capricornio;1783;2013-12-17
1;8;9;6;2;Cancer;1782;2013-12-16
1;0;6;6;7;Sagitario;1781;2013-12-14
1;2;7;3;2;Escorpion;1780;2013-12-13
1;6;4;6;4;Libra;1779;2013-12-12
1;8;0;1;2;Piscis;1778;2013-12-11
1;4;2;7;3;Piscis;1777;2013-12-10
1;4;4;3;1;Acuario;1776;2013-12-09
1;2;9;4;4;Aries;1775;2013-12-07
1;3;1;1;2;Libra;1774;2013-12-06
1;6;0;4;5;Virgo;1773;2013-12-05
1;1;7;7;8;Escorpion;1772;2013-12-04
1;7;3;9;9;Acuario;1771;2013-12-03
1;7;2;2;6;Libra;1770;2013-12-02
1;2;1;0;9;Geminis;1769;2013-11-30
1;6;4;7;3;Capricornio;1768;2013-11-29
1;1;3;6;4;Cancer;1767;2013-11-28
1;0;9;3;8;Capricornio;1766;2013-11-27
1;7;0;9;7;Aries;1765;2013-11-26
1;1;6;6;9;Libra;1764;2013-11-25
1;4;4;6;4;Tauro;1763;2013-11-23
1;4;6;5;6;Piscis;1762;2013-11-22
1;9;8;1;7;Capricornio;1761;2013-11-21
1;7;3;1;3;Escorpion;1760;2013-11-20
1;9;8;8;5;Cancer;1759;2013-11-19
1;2;6;7;1;Tauro;1758;2013-11-18
1;5;9;1;1;Piscis;1757;2013-11-16
1;5;1;6;9;Escorpion;1756;2013-11-15
1;4;8;6;4;Tauro;1755;2013-11-14
1;4;7;8;1;Piscis;1754;2013-11-13
1;3;3;4;7;Piscis;1753;2013-11-12
1;4;6;4;9;Sagitario;1752;2013-11-09
1;9;4;6;6;Cancer;1751;2013-11-08
1;0;4;6;6;Libra;1750;2013-11-07
1;7;3;1;5;Acuario;1749;2013-11-06
1;2;7;0;1;Capricornio;1748;2013-11-05
1;8;6;6;0;Piscis;1747;2013-11-02
1;6;7;3;1;Libra;1746;2013-11-01
1;9;9;2;4;Libra;1745;2013-10-31
1;2;4;0;9;Virgo;1744;2013-10-30
1;9;2;3;8;Capricornio;1743;2013-10-29
1;4;2;6;1;Geminis;1742;2013-10-28
1;8;4;1;7;Piscis;1741;2013-10-26
1;3;8;6;3;Cancer;1740;2013-10-25
1;8;6;9;5;Geminis;1739;2013-10-24
1;9;8;4;9;Cancer;1738;2013-10-23
1;5;5;5;6;Virgo;1737;2013-10-22
1;1;0;0;8;Libra;1736;2013-10-21
1;4;1;7;0;Tauro;1735;2013-10-19
1;7;2;0;9;Capricornio;1734;2013-10-18
1;1;3;6;8;Geminis;1733;2013-10-17
1;4;2;7;0;Geminis;1732;2013-10-16
1;3;5;5;3;Sagitario;1731;2013-10-15
1;8;5;6;6;Capricornio;1730;2013-10-12
1;0;4;4;9;Piscis;1729;2013-10-11
1;9;6;5;4;Libra;1728;2013-10-10
1;7;3;8;7;Virgo;1727;2013-10-09
1;1;6;5;1;Leo;1726;2013-10-08
1;5;8;9;8;Piscis;1725;2013-10-07
1;9;8;3;9;Virgo;1724;2013-10-05
1;4;7;4;4;Cancer;1723;2013-10-04
1;9;5;8;4;Aries;1722;2013-10-03
1;8;2;6;1;Tauro;1721;2013-10-02
1;8;2;2;4;Sagitario;1720;2013-10-01
1;4;6;4;2;Geminis;1719;2013-09-30
1;7;1;5;3;Geminis;1718;2013-09-28
1;4;1;1;6;Tauro;1717;2013-09-27
1;8;4;5;6;Acuario;1716;2013-09-26
1;4;5;1;3;Virgo;1715;2013-09-25
1;5;5;5;9;Sagitario;1714;2013-09-24
1;0;9;6;8;Acuario;1713;2013-09-23
1;9;5;6;2;Escorpion;1712;2013-09-21
1;0;1;5;1;Geminis;1711;2013-09-20
1;1;8;5;2;Capricornio;1710;2013-09-19
1;7;6;6;2;Leo;1709;2013-09-18
1;1;3;9;8;Geminis;1708;2013-09-17
1;4;4;9;2;Libra;1707;2013-09-16
1;3;5;9;2;Aries;1706;2013-09-14
1;0;5;2;7;Capricornio;1705;2013-09-13
1;3;7;6;0;Piscis;1704;2013-09-12
1;5;9;4;4;Tauro;1703;2013-09-11
1;1;3;4;6;Virgo;1702;2013-09-10
1;0;2;2;0;Tauro;1701;2013-09-09
1;6;2;4;2;Aries;1700;2013-09-07
1;8;9;5;5;Tauro;1699;2013-09-06
1;6;3;8;0;Cancer;1698;2013-09-05
1;8;9;7;9;Sagitario;1697;2013-09-04
1;9;1;7;5;Aries;1696;2013-09-03
1;2;0;0;9;Piscis;1695;2013-09-02
1;0;5;3;2;Leo;1694;2013-08-31
1;6;5;5;9;Leo;1693;2013-08-30
1;4;8;8;4;Geminis;1692;2013-08-29
1;3;9;9;8;Cancer;1691;2013-08-28
1;0;3;8;9;Escorpion;1690;2013-08-27
1;4;5;9;4;Capricornio;1689;2013-08-26
1;7;0;1;9;Acuario;1688;2013-08-24
1;9;5;4;9;Virgo;1687;2013-08-23
1;0;7;2;2;Escorpion;1686;2013-08-22
1;0;0;7;7;Piscis;1685;2013-08-21
1;5;3;7;6;Virgo;1684;2013-08-20
1;1;8;9;7;Aries;1683;2013-08-17
1;2;4;9;3;Leo;1682;2013-08-16
1;4;1;9;0;Sagitario;1681;2013-08-15
1;1;2;6;8;Virgo;1680;2013-08-14
1;2;0;8;3;Leo;1679;2013-08-13
1;8;0;8;4;Libra;1678;2013-08-12
1;4;7;7;4;Virgo;1677;2013-08-10
1;5;4;4;1;Escorpion;1676;2013-08-09
1;8;1;7;7;Sagitario;1675;2013-08-08
1;5;7;8;5;Tauro;1674;2013-08-06
1;4;7;0;0;Libra;1673;2013-08-05
1;8;3;9;1;Piscis;1672;2013-08-03
1;6;1;9;2;Tauro;1671;2013-08-02
1;5;2;7;8;Geminis;1670;2013-08-01
1;7;4;4;6;Tauro;1669;2013-07-31
1;8;3;2;0;Cancer;1668;2013-07-30
1;4;4;7;7;Escorpion;1667;2013-07-29
1;3;0;5;5;Cancer;1666;2013-07-27
1;1;9;3;7;Piscis;1665;2013-07-26
1;9;3;0;4;Tauro;1664;2013-07-25
1;4;8;5;5;Escorpion;1663;2013-07-24
1;2;8;1;9;Leo;1662;2013-07-23
1;4;2;8;3;Escorpion;1661;2013-07-22
1;7;0;6;8;Piscis;1660;2013-07-19
1;6;2;1;8;Piscis;1659;2013-07-18
1;6;6;8;8;Acuario;1658;2013-07-17
1;4;2;1;4;Leo;1657;2013-07-16
1;6;7;2;7;Piscis;1656;2013-07-15
1;7;3;5;1;Escorpion;1655;2013-07-13
1;7;7;2;4;Capricornio;1654;2013-07-12
1;4;8;1;4;Tauro;1653;2013-07-11
1;5;0;4;5;Piscis;1652;2013-07-10
1;2;8;2;2;Capricornio;1651;2013-07-09
1;2;3;1;4;Virgo;1650;2013-07-08
1;6;2;5;4;Acuario;1649;2013-07-06
1;9;4;1;7;Tauro;1648;2013-07-05
1;8;7;3;8;Escorpion;1647;2013-07-04
1;7;3;4;6;Leo;1646;2013-07-03
1;7;3;7;7;Libra;1645;2013-07-02
1;7;0;3;4;Capricornio;1644;2013-06-29
1;1;9;2;7;Escorpion;1643;2013-06-28
1;9;7;3;7;Cancer;1642;2013-06-27
1;0;4;7;6;Sagitario;1641;2013-06-26
1;0;5;7;2;Escorpion;1640;2013-06-25
1;3;3;3;4;Piscis;1639;2013-06-24
1;1;4;0;1;Capricornio;1638;2013-06-22
1;2;5;7;3;Aries;1637;2013-06-21
1;3;0;8;7;Sagitario;1636;2013-06-20
1;7;5;5;7;Cancer;1635;2013-06-19
1;2;6;5;0;Capricornio;1634;2013-06-18
1;3;3;9;2;Acuario;1633;2013-06-17
1;3;4;0;9;Piscis;1632;2013-06-15
1;1;9;8;0;Geminis;1631;2013-06-14
1;7;9;5;7;Cancer;1630;2013-06-13
1;6;6;8;6;Tauro;1629;2013-06-12
1;2;2;8;0;Sagitario;1628;2013-06-11
1;7;0;7;6;Piscis;1627;2013-06-08
1;3;0;0;1;Libra;1626;2013-06-07
1;0;8;0;2;Geminis;1625;2013-06-06
1;9;9;7;8;Piscis;1624;2013-06-05
1;0;6;3;4;Piscis;1623;2013-06-04
1;7;1;7;5;Escorpion;1622;2013-06-01
1;4;1;3;7;Tauro;1621;2013-05-31
1;1;4;7;6;Geminis;1620;2013-05-30
1;2;5;5;1;Acuario;1619;2013-05-29
1;8;6;4;5;Acuario;1618;2013-05-28
1;5;6;3;1;Cancer;1617;2013-05-27
1;2;6;1;3;Geminis;1616;2013-05-25
1;9;3;6;8;Acuario;1615;2013-05-24
1;6;6;7;1;Sagitario;1614;2013-05-23
1;3;2;9;3;Libra;1613;2013-05-22
1;7;7;2;3;Libra;1612;2013-05-21
1;9;6;5;8;Sagitario;1611;2013-05-20
1;9;9;8;1;Geminis;1610;2013-05-18
1;2;3;8;5;Cancer;1609;2013-05-17
1;8;3;0;4;Acuario;1608;2013-05-16
1;3;4;3;4;Leo;1607;2013-05-15
1;1;2;9;4;Sagitario;1606;2013-05-14
1;7;5;1;5;Piscis;1605;2013-05-11
1;8;9;6;0;Aries;1604;2013-05-10
1;1;3;6;7;Aries;1603;2013-05-09
1;0;4;3;6;Tauro;1602;2013-05-08
1;8;3;3;7;Cancer;1601;2013-05-07
1;0;9;0;6;Geminis;1600;2013-05-06
1;0;5;7;3;Escorpion;1599;2013-05-04
1;0;0;9;4;Geminis;1598;2013-05-03
1;6;7;2;2;Tauro;1597;2013-05-02
1;6;9;4;3;Geminis;1596;2013-04-30
1;1;2;1;9;Escorpion;1595;2013-04-29
1;3;2;6;1;Tauro;1594;2013-04-27
1;9;4;4;9;Cancer;1593;2013-04-26
1;9;4;5;9;Tauro;1592;2013-04-25
1;0;4;4;7;Geminis;1591;2013-04-24
1;0;6;9;0;Aries;1590;2013-04-23
1;5;4;8;9;Piscis;1589;2013-04-22
1;0;8;5;7;Geminis;1588;2013-04-20
1;6;5;3;1;Sagitario;1587;2013-04-19
1;7;1;2;9;Sagitario;1586;2013-04-18
1;0;6;2;9;Capricornio;1585;2013-04-17
1;1;0;5;4;Geminis;1584;2013-04-16
1;7;9;8;6;Virgo;1583;2013-04-15
1;2;2;8;0;Leo;1582;2013-04-13
1;8;1;0;9;Geminis;1581;2013-04-12
1;7;1;3;8;Sagitario;1580;2013-04-11
1;9;4;6;3;Tauro;1579;2013-04-10
1;0;5;3;1;Acuario;1578;2013-04-09
1;8;0;3;9;Libra;1577;2013-04-08
1;9;9;0;9;Libra;1576;2013-04-06
1;6;9;8;6;Cancer;1575;2013-04-05
1;5;6;8;9;Piscis;1574;2013-04-04
1;8;0;9;4;Libra;1573;2013-04-03
1;3;3;5;1;Virgo;1572;2013-04-02
1;7;9;9;4;Leo;1571;2013-04-01
1;4;8;7;6;Virgo;1570;2013-03-30
1;0;5;3;4;Aries;1569;2013-03-27
1;4;1;7;2;Tauro;1568;2013-03-26
1;5;2;2;2;Tauro;1567;2013-03-23
1;5;3;8;6;Piscis;1566;2013-03-22
1;7;8;7;5;Virgo;1565;2013-03-21
1;0;6;3;6;Cancer;1564;2013-03-20
1;3;2;2;8;Aries;1563;2013-03-19
1;2;5;8;1;Tauro;1562;2013-03-18
1;1;4;4;0;Virgo;1561;2013-03-16
1;0;1;4;5;Capricornio;1560;2013-03-15
1;1;8;6;4;Sagitario;1559;2013-03-14
1;7;6;3;7;Escorpion;1558;2013-03-13
1;4;3;4;5;Virgo;1557;2013-03-12
1;9;5;2;8;Cancer;1556;2013-03-11
1;2;9;6;6;Leo;1555;2013-03-09
1;4;2;7;1;Aries;1554;2013-03-08
1;5;8;1;5;Acuario;1553;2013-03-07
1;0;0;0;6;Sagitario;1552;2013-03-06
1;7;2;9;7;Cancer;1551;2013-03-05
1;4;0;6;5;Escorpion;1550;2013-03-04
1;2;4;7;8;Libra;1549;2013-03-02
1;6;7;2;2;Aries;1548;2013-03-01
1;7;4;8;6;Geminis;1547;2013-02-28
1;8;5;8;4;Libra;1546;2013-02-27
1;7;0;5;6;Virgo;1545;2013-02-26
1;8;0;9;9;Aries;1544;2013-02-25
1;5;4;1;8;Aries;1543;2013-02-23
1;2;7;8;2;Aries;1542;2013-02-22
1;2;9;2;5;Piscis;1541;2013-02-21
1;9;6;8;6;Leo;1540;2013-02-20
1;3;2;1;1;Virgo;1539;2013-02-19
1;3;3;0;2;Sagitario;1538;2013-02-18
1;0;3;0;4;Leo;1537;2013-02-16
1;3;2;3;6;Tauro;1536;2013-02-15
1;9;3;4;2;Piscis;1535;2013-02-14
1;5;0;2;1;Leo;1534;2013-02-13
1;1;2;7;9;Leo;1533;2013-02-12
1;7;7;6;2;Virgo;1532;2013-02-11
1;6;7;8;7;Leo;1531;2013-02-09
1;7;8;2;4;Leo;1530;2013-02-08
1;5;4;6;6;Libra;1529;2013-02-07
1;0;2;8;5;Tauro;1528;2013-02-06
1;3;3;6;6;Leo;1527;2013-02-05
1;5;1;0;5;Geminis;1526;2013-02-04
1;3;1;1;8;Capricornio;1525;2013-02-02
1;3;5;8;4;Escorpion;1524;2013-02-01
1;9;5;0;9;Acuario;1523;2013-01-31
1;1;6;5;4;Capricornio;1522;2013-01-30
1;9;2;8;3;Virgo;1521;2013-01-29
1;1;9;9;8;Aries;1520;2013-01-28
1;8;9;4;6;Leo;1519;2013-01-26
1;6;5;8;2;Libra;1518;2013-01-25
1;5;0;3;5;Leo;1517;2013-01-24
1;4;0;5;7;Acuario;1516;2013-01-23
1;9;3;8;2;Cancer;1515;2013-01-22
1;5;2;0;6;Libra;1514;2013-01-21
1;6;5;0;8;Acuario;1513;2013-01-19
1;6;1;7;1;Escorpion;1512;2013-01-18
1;8;1;0;3;Leo;1511;2013-01-17
1;2;7;6;3;Geminis;1510;2013-01-16
1;0;4;3;6;Leo;1509;2013-01-15
1;8;0;8;9;Geminis;1508;2013-01-14
1;1;2;8;8;Aries;1507;2013-01-12
1;5;2;0;0;Libra;1506;2013-01-11
1;6;4;1;2;Virgo;1505;2013-01-10
1;3;5;5;2;Aries;1504;2013-01-09
1;8;6;2;8;Capricornio;1503;2013-01-08
1;9;3;0;5;Libra;1502;2013-01-05
1;7;1;5;6;Sagitario;1501;2013-01-04
1;3;7;8;7;Acuario;1500;2013-01-03
1;1;7;5;3;Capricornio;1499;2013-01-02
1;0;0;9;3;Tauro;1498;2012-12-31
1;3;6;9;1;Capricornio;1497;2012-12-29
1;3;2;6;6;Virgo;1496;2012-12-28
1;0;7;5;1;Piscis;1495;2012-12-27
1;9;7;1;9;Virgo;1494;2012-12-26
1;2;4;5;3;Cancer;1493;2012-12-24
1;8;4;2;5;Geminis;1492;2012-12-22
1;3;8;8;3;Capricornio;1491;2012-12-21
1;1;1;7;1;Leo;1490;2012-12-20
1;7;1;4;6;Tauro;1489;2012-12-19
1;1;5;5;3;Libra;1488;2012-12-18
1;0;7;3;2;Acuario;1487;2012-12-17
1;4;2;1;6;Acuario;1486;2012-12-15
1;7;8;8;4;Aries;1485;2012-12-14
1;3;4;5;5;Capricornio;1484;2012-12-13
1;3;4;9;6;Acuario;1483;2012-12-12
1;3;8;8;4;Piscis;1482;2012-12-11
1;6;6;5;2;Leo;1481;2012-12-10
1;2;8;5;6;Cancer;1480;2012-12-07
1;5;2;6;6;Geminis;1479;2012-12-06
1;3;1;6;6;Tauro;1478;2012-12-05
1;0;0;6;7;Tauro;1477;2012-12-04
1;5;2;9;1;Sagitario;1476;2012-12-03
1;1;0;2;0;Leo;1475;2012-12-01
1;9;8;5;2;Geminis;1474;2012-11-30
1;4;2;2;7;Leo;1473;2012-11-29
1;0;0;0;2;Piscis;1472;2012-11-28
1;4;2;9;9;Piscis;1471;2012-11-27
1;6;0;5;5;Sagitario;1470;2012-11-26
1;2;2;7;5;Cancer;1469;2012-11-24
1;8;1;3;9;Piscis;1468;2012-11-23
1;0;5;8;9;Sagitario;1467;2012-11-22
1;0;8;9;0;Tauro;1466;2012-11-21
1;7;1;0;9;Piscis;1465;2012-11-20
1;6;7;2;5;Geminis;1464;2012-11-19
1;3;5;1;9;Geminis;1463;2012-11-17
1;2;2;8;3;Virgo;1462;2012-11-16
1;3;7;9;1;Tauro;1461;2012-11-15
1;0;6;7;2;Capricornio;1460;2012-11-14
1;5;5;3;9;Tauro;1459;2012-11-13
1;3;7;5;6;Libra;1458;2012-11-10
1;2;8;6;7;Leo;1457;2012-11-09
1;4;9;9;3;Virgo;1456;2012-11-08
1;3;9;0;9;Escorpion;1455;2012-11-07
1;8;8;5;1;Piscis;1454;2012-11-06
1;3;6;8;0;Capricornio;1453;2012-11-03
1;7;7;3;2;Cancer;1452;2012-11-02
1;3;7;0;9;Aries;1451;2012-11-01
1;7;8;6;6;Sagitario;1450;2012-10-31
1;6;5;0;4;Virgo;1449;2012-10-30
1;3;4;8;1;Geminis;1448;2012-10-29
1;7;0;6;4;Sagitario;1447;2012-10-27
1;4;0;9;6;Piscis;1446;2012-10-26
1;2;7;0;4;Capricornio;1445;2012-10-25
1;5;7;9;8;Tauro;1444;2012-10-24
1;3;2;8;7;Leo;1443;2012-10-23
1;8;4;0;4;Cancer;1442;2012-10-22
1;3;8;6;7;Aries;1441;2012-10-20
1;1;5;7;4;Capricornio;1440;2012-10-19
1;7;2;9;0;Capricornio;1439;2012-10-18
1;2;9;1;8;Piscis;1438;2012-10-17
1;8;7;6;4;Capricornio;1437;2012-10-16
1;5;2;9;7;Escorpion;1436;2012-10-13
1;5;5;6;4;Libra;1435;2012-10-12
1;6;1;8;7;Aries;1434;2012-10-11
1;7;5;1;6;Leo;1433;2012-10-10
1;8;5;0;0;Acuario;1432;2012-10-09
1;2;3;4;9;Geminis;1431;2012-10-08
1;1;2;0;6;Escorpion;1430;2012-10-06
1;4;5;4;3;Sagitario;1429;2012-10-05
1;3;7;7;1;Acuario;1428;2012-10-04
1;5;7;3;1;Virgo;1427;2012-10-03
1;5;7;2;9;Cancer;1426;2012-10-02
1;1;0;2;7;Escorpion;1425;2012-10-01
1;9;1;7;3;Piscis;1424;2012-09-29
1;8;0;1;6;Leo;1423;2012-09-28
1;9;4;1;5;Capricornio;1422;2012-09-27
1;1;5;6;2;Sagitario;1421;2012-09-26
1;6;8;9;3;Capricornio;1420;2012-09-25
1;1;2;7;1;Leo;1419;2012-09-24
1;8;1;6;1;Escorpion;1418;2012-09-22
1;2;1;0;8;Geminis;1417;2012-09-21
1;8;8;9;7;Capricornio;1416;2012-09-20
1;4;0;5;9;Tauro;1415;2012-09-19
1;7;7;5;2;Leo;1414;2012-09-18
1;6;2;8;0;Piscis;1413;2012-09-17
1;7;3;0;7;Escorpion;1412;2012-09-15
1;9;9;7;0;Libra;1411;2012-09-14
1;5;2;8;4;Escorpion;1410;2012-09-13
1;7;2;8;6;Virgo;1409;2012-09-12
1;5;2;7;1;Sagitario;1408;2012-09-11
1;7;0;7;0;Libra;1407;2012-09-10
1;4;1;9;8;Tauro;1406;2012-09-08
1;6;7;1;2;Geminis;1405;2012-09-07
1;4;1;3;8;Cancer;1404;2012-09-06
1;9;0;5;3;Cancer;1403;2012-09-05
1;3;9;9;2;Libra;1402;2012-09-04
1;0;8;1;6;Piscis;1401;2012-09-03
1;3;7;8;7;Acuario;1400;2012-09-01
1;7;0;8;0;Capricornio;1399;2012-08-31
1;2;9;1;5;Virgo;1398;2012-08-30
1;4;8;9;0;Acuario;1397;2012-08-29
1;5;8;6;1;Virgo;1396;2012-08-28
1;3;5;4;8;Acuario;1395;2012-08-27
1;0;3;0;3;Escorpion;1394;2012-08-25
1;4;6;9;9;Piscis;1393;2012-08-24
1;0;0;6;8;Capricornio;1392;2012-08-23
1;8;1;2;4;Cancer;1391;2012-08-22
1;5;8;9;4;Aries;1390;2012-08-21
1;8;3;1;7;Geminis;1389;2012-08-18
1;7;8;9;3;Geminis;1388;2012-08-17
1;6;1;3;1;Geminis;1387;2012-08-16
1;3;9;5;1;Capricornio;1386;2012-08-15
1;6;2;2;5;Virgo;1385;2012-08-14
1;3;4;4;0;Sagitario;1384;2012-08-13
1;5;2;0;9;Geminis;1383;2012-08-11
1;8;5;0;6;Piscis;1382;2012-08-10
1;1;8;1;3;Acuario;1381;2012-08-09
1;8;9;8;0;Aries;1380;2012-08-08
1;8;0;8;3;Escorpion;1379;2012-08-06
1;4;4;2;8;Sagitario;1378;2012-08-04
1;4;3;8;6;Aries;1377;2012-08-03
1;3;4;8;2;Piscis;1376;2012-08-02
1;5;0;0;3;Libra;1375;2012-08-01
1;9;6;8;3;Sagitario;1374;2012-07-31
1;7;6;5;2;Aries;1373;2012-07-30
1;9;0;6;5;Geminis;1372;2012-07-28
1;2;1;4;2;Cancer;1371;2012-07-27
1;6;0;6;9;Acuario;1370;2012-07-26
1;9;9;9;9;Capricornio;1369;2012-07-25
1;8;4;7;5;Virgo;1368;2012-07-24
1;4;3;5;4;Tauro;1367;2012-07-23
1;3;8;9;2;Leo;1366;2012-07-21
1;3;8;0;9;Escorpion;1365;2012-07-19
1;4;9;4;8;Escorpion;1364;2012-07-18
1;5;7;3;3;Capricornio;1363;2012-07-17
1;2;6;9;8;Leo;1362;2012-07-16
1;8;8;5;5;Cancer;1361;2012-07-14
1;5;5;0;9;Tauro;1360;2012-07-13
1;1;3;7;9;Geminis;1359;2012-07-12
1;6;7;3;4;Tauro;1358;2012-07-11
1;9;7;9;0;Piscis;1357;2012-07-10
1;8;1;5;5;Cancer;1356;2012-07-09
1;6;2;2;5;Tauro;1355;2012-07-07
1;6;8;8;6;Geminis;1354;2012-07-06
1;0;1;5;3;Capricornio;1353;2012-07-05
1;5;6;9;6;Leo;1352;2012-07-04
1;5;7;3;1;Acuario;1351;2012-07-03
1;1;3;8;6;Capricornio;1350;2012-06-30
1;7;9;0;5;Capricornio;1349;2012-06-29
1;7;6;9;7;Libra;1348;2012-06-28
1;5;8;2;4;Virgo;1347;2012-06-27
1;3;1;8;9;Geminis;1346;2012-06-26
1;3;8;1;1;Virgo;1345;2012-06-25
1;2;0;7;9;Capricornio;1344;2012-06-23
1;9;7;4;4;Virgo;1343;2012-06-22
1;1;5;2;8;Sagitario;1342;2012-06-21
1;7;9;1;4;Virgo;1341;2012-06-20
1;3;9;6;4;Piscis;1340;2012-06-19
1;4;2;7;3;Piscis;1339;2012-06-16
1;0;9;8;8;Escorpion;1338;2012-06-15
1;4;4;6;9;Capricornio;1337;2012-06-14
1;3;9;2;8;Tauro;1336;2012-06-13
1;4;5;9;7;Virgo;1335;2012-06-12
1;0;9;4;2;Aries;1334;2012-06-09
1;7;5;3;7;Acuario;1333;2012-06-08
1;4;2;8;8;Libra;1332;2012-06-07
1;6;0;2;6;Tauro;1331;2012-06-06
1;4;0;9;9;Escorpion;1330;2012-06-05
1;2;5;8;0;Escorpion;1329;2012-06-04
1;1;9;6;1;Leo;1328;2012-06-02
1;0;5;9;4;Escorpion;1327;2012-06-01
1;2;9;3;5;Cancer;1326;2012-05-31
1;6;8;8;3;Cancer;1325;2012-05-30
1;1;0;3;4;Libra;1324;2012-05-29
1;5;9;2;7;Acuario;1323;2012-05-28
1;9;4;6;6;Escorpio;1322;2012-05-26
1;7;9;2;6;Aries;1321;2012-05-25
1;8;4;8;3;Leo;1320;2012-05-24
1;5;4;1;0;Piscis;1319;2012-05-23
1;8;7;8;2;Geminis;1318;2012-05-22
1;9;4;3;4;Leo;1317;2012-05-19
1;5;9;6;1;Aries;1316;2012-05-18
1;7;2;2;8;Libra;1315;2012-05-17
1;3;0;5;7;Tauro;1314;2012-05-16
1;0;3;8;2;Capricornio;1313;2012-05-15
1;1;0;9;1;Geminis;1312;2012-05-14
1;1;4;2;2;Cancer;1311;2012-05-12
1;0;5;2;9;Geminis;1310;2012-05-11
1;7;7;7;3;Virgo;1309;2012-05-10
1;0;7;9;9;Libra;1308;2012-05-09
1;0;8;9;2;Cancer;1307;2012-05-08
1;2;5;2;2;Capricornio;1306;2012-05-07
1;6;1;3;8;Sagitario;1305;2012-05-05
1;2;8;3;7;Acuario;1304;2012-05-04
1;9;2;5;3;Piscis;1303;2012-05-03
1;3;7;7;5;Piscis;1302;2012-05-02
1;5;8;1;4;Escorpion;1301;2012-04-30
1;9;2;7;7;Tauro;1300;2012-04-28
1;0;6;8;1;Tauro;1299;2012-04-27
1;2;2;0;0;Piscis;1298;2012-04-26
1;3;5;3;3;Cancer;1297;2012-04-25
1;3;6;4;2;Virgo;1296;2012-04-24
1;8;9;0;4;Capricornio;1295;2012-04-23
1;6;0;3;9;Aries;1294;2012-04-21
1;2;6;6;7;Virgo;1293;2012-04-20
1;7;7;8;7;Leo;1292;2012-04-19
1;6;2;8;7;Leo;1291;2012-04-18
1;9;1;3;6;Tauro;1290;2012-04-17
1;3;1;1;1;Piscis;1289;2012-04-16
1;7;6;5;1;Aries;1288;2012-04-14
1;9;7;9;2;Acuario;1287;2012-04-13
1;8;4;9;7;Leo;1286;2012-04-12
1;4;3;2;9;Acuario;1285;2012-04-11
1;6;4;7;8;Geminis;1284;2012-04-10
1;3;7;7;9;Tauro;1283;2012-04-09
1;5;4;6;8;Tauro;1282;2012-04-07
1;0;3;8;0;Virgo;1281;2012-04-04
1;5;0;0;0;Libra;1280;2012-04-03
1;5;4;9;6;Leo;1279;2012-04-02
1;2;3;2;4;Capricornio;1278;2012-03-31
1;3;9;0;9;Capricornio;1277;2012-03-30
1;3;5;8;1;Escorpion;1276;2012-03-29
1;1;9;6;0;Virgo;1275;2012-03-28
1;8;1;8;5;Libra;1274;2012-03-27
1;9;3;4;9;Tauro;1273;2012-03-26
1;5;2;0;2;Piscis;1272;2012-03-24
1;5;4;7;4;Acuario;1271;2012-03-23
1;1;7;2;5;Cancer;1270;2012-03-22
1;0;4;3;2;Libra;1269;2012-03-21
1;7;5;0;4;Cancer;1268;2012-03-20
1;0;4;0;8;Capricornio;1267;2012-03-17
1;8;9;7;0;Libra;1266;2012-03-16
1;4;1;1;7;Virgo;1265;2012-03-15
1;9;9;1;2;Piscis;1264;2012-03-14
1;0;7;1;3;Tauro;1263;2012-03-13
1;3;0;8;6;Piscis;1262;2012-03-12
1;2;4;6;2;Acuario;1261;2012-03-10
1;7;3;5;2;Cancer;1260;2012-03-09
1;3;8;0;3;Piscis;1259;2012-03-08
1;1;6;2;3;Piscis;1258;2012-03-07
1;9;3;6;0;Capricornio;1257;2012-03-06
1;0;8;1;6;Piscis;1256;2012-03-05
1;3;8;8;6;Acuario;1255;2012-03-03
1;2;6;9;6;Capricornio;1254;2012-03-02
1;9;7;1;0;Piscis;1253;2012-03-01
1;5;9;1;8;Libra;1252;2012-02-29
1;1;7;9;1;Leo;1251;2012-02-28
1;4;4;5;8;Geminis;1250;2012-02-27
1;0;5;2;2;Escorpion;1249;2012-02-25
1;6;7;1;1;Acuario;1248;2012-02-24
1;3;3;8;6;Aries;1247;2012-02-23
1;7;5;2;3;Cancer;1246;2012-01-22
1;0;3;8;1;Leo;1245;2012-02-21
1;9;9;1;1;Escorpion;1244;2012-02-20
1;9;2;6;6;Acuario;1243;2012-02-18
1;2;9;4;8;Virgo;1242;2012-02-17
1;2;2;5;4;Aries;1241;2012-02-16
1;2;9;2;8;Leo;1240;2012-02-15
1;2;1;4;7;Libra;1239;2012-02-14
1;7;7;1;8;Acuario;1238;2012-02-13
1;3;1;4;7;Capricornio;1237;2012-02-11
1;5;7;0;6;Geminis;1236;2012-02-10
1;9;7;3;7;Capricornio;1235;2012-02-09
1;5;5;6;3;Leo;1234;2012-02-08
1;6;5;7;2;Escorpion;1233;2012-02-07
1;0;4;6;8;Virgo;1232;2012-02-06
1;6;0;1;4;Geminis;1231;2012-02-04
1;0;7;9;6;Aries;1230;2012-02-03
1;4;0;8;9;Acuario;1229;2012-02-02
1;5;5;4;9;Acuario;1228;2012-02-01
1;7;9;7;8;Virgo;1227;2012-01-31
1;3;8;9;1;Capricornio;1226;2012-01-30
1;5;0;7;5;Geminis;1225;2012-01-28
1;2;8;9;5;Piscis;1224;2012-01-27
1;0;3;4;2;Libra;1223;2012-01-26
1;7;0;4;6;Piscis;1222;2012-01-25
1;6;2;7;4;Cancer;1221;2012-01-24
1;3;8;0;3;Geminis;1220;2012-01-23
1;2;5;7;0;Geminis;1219;2012-01-21
1;7;6;8;1;Acuario;1218;2012-01-20
1;2;8;7;7;Escorpion;1217;2012-01-19
1;5;6;3;0;Sagitario;1216;2012-01-18
1;0;3;5;3;Escorpio;1215;2012-01-17
1;8;1;9;3;Tauro;1214;2012-01-16
1;4;5;1;3;Capricornio;1213;2012-01-14
1;1;9;6;3;Libra;1212;2012-01-13
1;4;6;2;7;Cancer;1211;2012-01-12
1;4;2;5;6;Geminis;1210;2012-01-11
1;9;4;6;7;Leo;1209;2012-01-10
1;0;6;7;6;Cancer;1208;2012-01-07
1;6;8;7;9;Aries;1207;2012-01-06
1;6;9;1;2;Geminis;1206;2012-01-05
1;2;9;2;7;Acuario;1205;2012-01-04
1;8;7;0;4;Virgo;1204;2012-01-03
1;8;9;1;4;Capricornio;1203;2012-01-02
1;1;5;5;3;Geminis;1202;2011-12-31
1;4;3;2;4;Aries;1201;2011-12-30
1;2;2;1;1;Virgo;1200;2011-12-29
1;5;5;3;5;Tauro;1199;2011-12-28
1;2;1;6;0;Capricornio;1198;2011-12-27
1;5;1;5;6;Virgo;1197;2011-12-26
1;7;1;1;7;Leo;1196;2011-12-24
1;9;8;2;8;Aries;1195;2011-12-23
1;6;9;2;5;Escorpio;1194;2011-12-22
1;4;3;3;2;Escorpio;1193;2011-12-21
1;3;5;5;6;Leo;1192;2011-12-20
1;1;6;2;4;Libra;1191;2011-12-19
1;7;8;7;1;Tauro;1190;2011-12-17
1;0;2;3;9;Libra;1189;2011-12-16
1;9;3;9;4;Piscis;1188;2011-12-15
1;5;5;8;7;Leo;1187;2011-12-14
1;1;0;1;8;Cancer;1186;2011-12-13
1;3;8;9;3;Leo;1185;2011-12-12
1;4;4;4;2;Piscis;1184;2011-12-10
1;0;2;9;9;Virgo;1183;2011-12-09
1;6;8;8;6;Acuario;1182;2011-12-07
1;0;7;1;8;Sagitario;1181;2011-12-06
1;1;1;4;1;Leo;1180;2011-12-05
1;9;2;4;0;Virgo;1179;2011-12-03
1;8;2;5;2;Sagitario;1178;2011-12-02
1;5;2;1;4;Sagitario;1177;2011-12-01
1;6;2;9;0;Aries;1176;2011-11-30
1;4;1;6;5;Cancer;1175;2011-11-29
1;1;9;6;1;Virgo;1174;2011-11-28
1;6;7;7;3;Tauro;1173;2011-11-26
1;7;5;4;0;Geminis;1172;2011-11-25
1;4;1;9;7;Piscis;1171;2011-11-24
1;5;3;6;1;Piscis;1170;2011-11-23
1;7;2;1;1;Tauro;1169;2011-11-22
1;9;3;8;7;Escorpio;1168;2011-11-21
1;6;8;6;8;Virgo;1167;2011-11-19
1;8;2;1;6;Aries;1166;2011-11-18
1;8;1;7;8;Cancer;1165;2011-11-17
1;1;7;1;4;Acuario;1164;2011-11-16
1;5;6;3;7;Acuario;1163;2011-11-15
1;5;0;6;5;Piscis;1162;2011-11-12
1;1;1;3;7;Aries;1161;2011-11-11
1;6;1;0;7;Aries;1160;2011-11-10
1;2;2;4;1;Escorpio;1159;2011-11-09
1;2;0;9;9;Piscis;1158;2011-11-08
1;2;4;0;8;Capricornio;1157;2011-11-05
1;6;0;5;4;Aries;1156;2011-11-04
1;8;2;1;8;Tauro;1155;2011-11-03
1;6;5;3;8;Cancer;1154;2011-11-02
1;5;7;6;9;Geminis;1153;2011-11-01
1;3;4;9;2;Geminis;1152;2011-10-31
1;9;8;7;1;Aries;1151;2011-10-29
1;2;1;0;4;Tauro;1150;2011-10-28
1;2;2;6;4;Leo;1149;2011-10-27
1;2;1;3;4;Geminis;1148;2011-10-26
1;4;9;6;9;Libra;1147;2011-10-25
1;3;5;2;1;Acuario;1146;2011-10-24
1;1;3;5;9;Geminis;1145;2011-10-22
1;8;3;5;7;Libra;1144;2011-10-21
1;4;6;9;0;Piscis;1143;2011-10-20
1;7;5;1;3;Geminis;1142;2011-10-19
1;3;5;8;9;Virgo;1141;2011-10-18
1;2;0;3;4;Acuario;1140;2011-10-15
1;1;0;0;1;Cancer;1139;2011-10-14
1;8;9;7;0;Geminis;1138;2011-10-13
1;8;2;4;9;Tauro;1137;2011-10-12
1;8;9;5;1;Acuario;1136;2011-10-11
1;0;0;3;8;Escorpio;1135;2011-10-10
1;7;8;2;2;Libra;1134;2011-10-08
1;3;9;5;0;Cancer;1133;2011-10-07
1;0;3;5;1;Leo;1132;2011-10-06
1;8;5;3;8;Virgo;1131;2011-10-05
1;4;4;7;0;Capricornio;1130;2011-10-04
1;0;6;2;4;Libra;1129;2011-10-03
1;4;9;7;0;Sagitario;1128;2011-10-01
1;6;0;7;6;Tauro;1127;2011-09-30
1;7;2;2;9;Piscis;1126;2011-09-29
1;3;3;6;8;Piscis;1125;2011-09-28
1;0;7;7;2;Capricornio;1124;2011-09-27
1;2;0;8;1;Piscis;1123;2011-09-26
1;9;5;4;0;Aries;1122;2011-09-24
1;6;6;2;0;Leo;1121;2011-09-23
1;5;2;1;4;Sagitario;1120;2011-09-22
1;6;2;7;7;Geminis;1119;2011-09-21
1;7;5;6;4;Geminis;1118;2011-09-20
1;8;1;0;3;Geminis;1117;2011-09-19
1;0;7;8;9;Libra;1116;2011-09-17
1;8;8;3;8;Tauro;1115;2011-09-16
1;9;0;6;5;Tauro;1114;2011-09-15
1;6;1;1;6;Aries;1113;2011-09-14
1;7;6;6;3;Geminis;1112;2011-09-13
1;7;4;4;3;Sagitario;1111;2011-09-12
1;9;3;9;1;Acuario;1110;2011-09-10
1;5;0;2;9;Acuario;1109;2011-09-09
1;8;2;3;1;Piscis;1108;2011-09-08
1;0;5;0;5;Cancer;1107;2011-09-07
1;3;9;6;3;Virgo;1106;2011-09-06
1;0;6;5;1;Escorpion;1105;2011-09-05
1;3;9;0;0;Virgo;1104;2011-09-03
1;1;8;3;4;Sagitario;1103;2011-09-02
1;0;0;6;1;Piscis;1102;2011-09-01
1;6;7;7;5;Tauro;1101;2011-08-31
1;4;1;6;5;Libra;1100;2011-08-30
1;5;0;5;5;Capricornio;1099;2011-08-29
1;8;2;1;1;Libra;1098;2011-08-27
1;7;2;5;9;Libra;1097;2011-08-26
1;1;3;8;8;Geminis;1096;2011-08-25
1;7;8;7;0;Sagitario;1095;2011-08-24
1;4;9;3;5;Sagitario;1094;2011-08-23
1;7;5;5;6;Sagitario;1093;2011-08-22
1;8;1;2;7;Libra;1092;2011-08-20
1;9;1;1;6;Leo;1091;2011-08-19
1;0;6;4;0;Aries;1090;2011-08-18
1;3;5;2;1;Tauro;1089;2011-08-17
1;3;7;3;2;Tauro;1088;2011-08-16
1;9;8;1;5;Cancer;1087;2011-08-13
1;0;8;8;2;Tauro;1086;2011-08-12
1;6;8;6;0;Escorpion;1085;2011-08-11
1;6;0;3;7;Cancer;1084;2011-08-10
1;7;1;0;5;Piscis;1083;2011-08-09
1;2;3;3;0;Cancer;1082;2011-08-08
1;6;7;6;5;Virgo;1081;2011-08-06
1;5;0;5;7;Aries;1080;2011-08-05
1;9;6;2;7;Leo;1079;2011-08-04
1;4;0;5;2;Geminis;1078;2011-08-03
1;6;2;3;7;Capricornio;1077;2011-08-02
1;6;9;7;4;Piscis;1076;2011-08-01
1;9;8;8;1;Virgo;1075;2011-07-30
1;6;1;9;5;Libra;1074;2011-07-29
1;0;7;8;1;Piscis;1073;2011-07-28
1;1;7;1;5;Leo;1072;2011-07-27
1;9;3;9;1;Piscis;1071;2011-07-26
1;6;7;0;8;Acuario;1070;2011-07-25
1;2;2;8;6;Leo;1069;2011-07-23
1;3;9;1;2;Escorpio;1068;2011-07-22
1;4;1;0;8;Piscis;1067;2011-07-21
1;6;2;3;8;Tauro;1066;2011-07-19
1;2;2;3;7;Piscis;1065;2011-07-18
1;7;8;3;5;Sagitario;1064;2011-07-16
1;8;0;5;1;Cancer;1063;2011-07-15
1;8;8;2;6;Sagitario;1062;2011-07-14
1;6;5;9;7;Capricornio;1061;2011-07-13
1;1;7;7;4;Piscis;1060;2011-07-12
1;6;2;3;0;Aries;1059;2011-07-11
1;8;9;7;3;Cancer;1058;2011-07-09
1;5;1;4;0;Tauro;1057;2011-07-08
1;9;7;9;4;Geminis;1056;2011-07-07
1;0;0;0;2;Tauro;1055;2011-07-06
1;2;6;8;5;Cancer;1054;2011-07-05
1;0;1;4;0;Leo;1053;2011-07-02
1;0;4;5;8;Leo;1052;2011-07-01
1;8;4;3;2;Virgo;1051;2011-06-30
1;0;0;9;1;Sagitario;1050;2011-06-29
1;6;2;8;7;Piscis;1049;2011-06-28
1;0;5;8;9;Aries;1048;2011-06-25
1;4;1;6;4;Virgo;1047;2011-06-24
1;7;5;1;5;Capricornio;1046;2011-06-23
1;7;9;2;7;Escorpion;1045;2011-06-22
1;9;7;5;5;Virgo;1044;2011-06-21
1;3;6;2;7;Leo;1043;2011-06-20
1;1;4;7;1;Cancer;1042;2011-06-18
1;9;2;7;4;Sagitario;1041;2011-06-17
1;2;6;8;0;Aries;1040;2011-06-16
1;9;4;0;5;Acurio;1039;2011-06-15
1;5;1;6;9;Escorpion;1038;2011-06-14
1;1;5;5;2;Leo;1037;2011-06-13
1;0;2;2;7;Geminis;1036;2011-06-11
1;3;7;0;3;Cancer;1035;2011-06-10
1;4;0;8;3;Acuario;1034;2011-06-09
1;6;7;4;6;Libra;1033;2011-06-08
1;6;1;2;5;Escorpion;1032;2011-06-07
1;9;9;3;0;Tauro;1031;2011-06-04
1;0;6;8;3;Piscis;1030;2011-06-03
1;5;8;6;9;Sagitario;1029;2011-06-02
1;9;4;4;8;Sagitario;1028;2011-06-01
1;5;5;1;4;Geminis;1027;2011-05-31
1;8;5;8;4;Acuario;1026;2011-05-30
1;1;1;2;2;Capricornio;1025;2011-05-28
1;5;7;4;2;Acuario;1024;2011-05-27
1;4;1;8;4;Tauro;1023;2011-05-26
1;0;5;1;2;Escorpion;1022;2011-05-25
1;5;6;5;9;Leo;1021;2011-05-24
1;5;9;6;8;Acuario;1020;2011-05-23
1;7;5;5;6;Tauro;1019;2011-05-21
1;2;4;1;0;Capricornio;1018;2011-05-20
1;7;5;6;8;Escorpion;1017;2011-05-19
1;2;1;1;7;Leo;1016;2011-05-18
1;0;4;1;3;Tauro;1015;2011-05-17
1;7;7;9;9;Escorpion;1014;2011-05-16
1;1;3;1;9;Leo;1013;2011-05-14
1;5;4;6;8;Leo;1012;2011-05-13
1;8;5;8;8;Cancer;1011;2011-05-12
1;8;8;7;1;Escorpion;1010;2011-05-11
1;3;8;6;4;Piscis;1009;2011-05-10
1;9;9;2;2;Sagitario;1008;2011-05-09
1;6;8;3;6;Virgo;1007;2011-05-07
1;9;4;2;5;Sagitario;1006;2011-05-06
1;2;3;2;1;Piscis;1005;2011-05-05
1;8;0;9;4;Cancer;1004;2011-05-04
1;7;4;5;8;Escorpion;1003;2011-05-03
1;9;1;0;9;Piscis;1002;2011-05-02
1;8;6;8;0;Aries;1001;2011-04-30
1;1;1;4;7;Escorpion;1000;2011-04-29
1;1;9;4;9;Geminis;999;2011-04-28
1;6;1;5;6;Cancer;998;2011-04-27
1;2;2;6;7;Leo;997;2011-04-26
1;0;4;7;3;Geminis;996;2011-04-25
1;8;7;2;5;Libra;995;2011-04-23
1;5;1;2;7;Geminis;994;2011-04-20
1;9;2;1;1;Cancer;993;2011-04-19
1;2;7;6;1;Sagitario;992;2011-04-18
1;9;6;7;8;Cancer;991;2011-04-16
1;6;7;8;0;Escorpion;990;2011-04-15
1;1;0;5;6;Geminis;989;2011-04-14
1;0;0;7;8;Tauro;988;2011-04-13
1;3;2;8;7;Capricornio;987;2011-04-12
1;5;9;1;5;Leo;986;2011-04-11
1;3;3;5;8;Leo;985;2011-04-09
1;3;6;5;1;Leo;984;2011-04-08
1;4;4;4;9;Escorpion;983;2011-04-07
1;9;1;7;6;Geminis;982;2011-04-06
1;8;5;9;4;Libra;981;2011-04-05
1;1;5;2;4;Acuario;980;2011-04-04
1;2;7;7;8;Virgo;979;2011-04-02
1;6;3;7;1;Acuario;978;2011-04-01
1;6;7;9;4;Acuario;977;2011-03-31
1;8;9;8;2;Piscis;976;2011-03-30
1;9;9;1;5;Escorpion;975;2011-03-29
1;1;1;4;1;Libra;974;2011-03-28
1;2;3;5;8;Leo;973;2011-03-26
1;2;5;3;4;Aries;972;2011-03-25
1;9;3;2;3;Geminis;971;2011-03-24
1;7;6;9;6;Cancer;970;2011-03-23
1;0;8;3;5;Piscis;969;2011-03-22
1;2;8;8;8;Cancer;968;2011-03-19
1;7;9;1;6;Sagitario;967;2011-03-18
1;5;9;8;7;Sagitario;966;2011-03-17
1;3;1;6;0;Piscis;965;2011-03-16
1;7;3;6;2;Leo;964;2011-03-15
1;6;8;4;2;Piscis;963;2011-03-14
1;9;9;4;4;Piscis;962;2011-03-12
1;5;4;1;9;Geminis;961;2011-03-11
1;6;0;3;1;Libra;960;2011-03-10
1;0;1;4;5;Aries;959;2011-03-09
1;9;2;6;2;Geminis;958;2011-03-08
1;3;2;3;9;Tauro;957;2011-03-07
1;9;8;6;5;Aries;956;2011-03-05
1;2;2;8;3;Aries;955;2011-03-04
1;5;4;4;1;Sagitario;954;2011-03-03
1;7;1;5;6;Cancer;953;2011-03-02
1;0;8;6;5;Leo;952;2011-03-01
1;9;0;5;7;Virgo;951;2011-02-28
1;6;0;0;5;Piscis;950;2011-02-26
1;4;7;2;7;Sagitario;949;2011-02-25
1;3;3;6;1;Piscis;948;2011-02-24
1;8;2;9;4;Capricornio;947;2011-02-23
1;8;1;7;6;Geminis;946;2011-02-22
1;0;2;3;8;Leo;945;2011-02-21
1;9;3;5;5;Tauro;944;2011-02-19
1;5;6;2;5;Cancer;943;2011-02-18
1;4;5;3;2;Sagitario;942;2011-02-17
1;4;1;1;1;Leo;941;2011-02-16
1;9;5;3;7;Piscis;940;2011-02-15
1;3;2;3;6;Capricornio;939;2011-02-14
1;8;4;9;3;Virgo;938;2011-02-12
1;5;1;9;9;Leo;937;2011-02-11
1;2;4;3;5;Aries;936;2011-02-10
1;3;7;8;1;Escorpion;935;2011-02-09
1;1;4;9;5;Cancer;934;2011-02-08
1;1;5;7;9;Piscis;933;2011-02-07
1;7;2;4;2;Escorpion;932;2011-02-05
1;8;4;8;4;Aries;931;2011-02-04
1;0;9;8;4;Capricornio;930;2011-02-03
1;8;1;4;0;Libra;929;2011-02-02
1;8;8;8;6;Cancer;928;2011-02-01
1;0;2;8;9;Geminis;927;2011-01-31
1;0;0;0;6;Cancer;926;2011-01-29
1;3;2;5;9;Leo;925;2011-01-28
1;7;7;2;0;Piscis;924;2011-01-27
1;0;7;7;0;Leo;923;2011-01-26
1;6;9;1;7;Aries;922;2011-01-25
1;4;8;2;6;Virgo;921;2011-01-24
1;2;9;2;6;Geminis;920;2011-01-22
1;6;6;9;5;Tauro;919;2011-01-21
1;5;8;0;2;Piscis;918;2011-01-20
1;9;7;6;7;Libra;917;2011-01-19
1;4;2;3;9;Cancer;916;2011-01-18
1;6;2;7;1;Geminis;915;2011-01-17
1;1;2;1;6;Cancer;914;2011-01-15
1;5;1;3;1;Geminis;913;2011-01-14
1;9;7;1;0;Acuario;912;2011-01-13
1;5;7;6;3;Geminis;911;2011-01-12
1;6;1;7;1;Aries;910;2011-01-11
1;2;0;2;2;Aries;909;2011-01-08
1;7;9;1;6;Aries;908;2011-01-07
1;3;3;6;5;Acuario;907;2011-01-06
1;6;2;9;9;Sagitario;906;2011-01-05
1;8;5;2;5;Virgo;905;2011-01-04
1;4;2;5;2;Tauro;904;2011-01-03
1;8;1;3;1;Geminis;903;2010-12-31
1;0;1;0;0;Virgo;902;2010-12-30
1;0;8;2;5;Capricornio;901;2010-12-29
1;1;4;4;8;Geminis;900;2010-12-28
1;3;0;5;2;Libra;899;2010-12-27
1;1;2;1;0;Geminis;898;2010-12-24
1;2;5;1;5;Leo;897;2010-12-23
1;1;4;2;0;Piscis;896;2010-12-22
1;7;2;8;7;Sagitario;895;2010-12-21
1;6;2;5;5;Aries;894;2010-12-20
1;6;5;2;7;Geminis;893;2010-12-18
1;0;8;1;2;Libra;892;2010-12-17
1;4;7;9;4;Libra;891;2010-12-16
1;0;4;0;0;Acuario;890;2010-12-15
1;3;4;0;1;Capricornio;889;2010-12-14
1;0;1;2;1;Libra;888;2010-12-13
1;4;8;5;0;Geminis;887;2010-12-11
1;5;9;8;9;Acuario;886;2010-12-10
1;8;0;4;3;Cancer;885;2010-12-09
1;7;8;3;5;Libra;884;2010-12-07
1;8;5;7;7;Sagitario;883;2010-12-06
1;5;1;1;8;Geminis;882;2010-12-04
1;0;0;7;3;Acuario;881;2010-12-03
1;6;6;6;7;Aries;;2010-12-02
1;6;8;3;0;Leo;;2010-12-01
1;7;5;4;3;Capricornio;;2010-11-30
1;5;5;4;1;Virgo;;2010-11-29
1;7;3;5;1;Sagitario;;2010-11-27
1;4;9;3;8;Cancer;;2010-11-26
1;0;1;4;8;Virgo;;2010-11-25
1;6;2;2;3;Tauro;;2010-11-24
1;4;4;6;4;Sagitario;;2010-11-23
1;3;4;3;8;Acuario;;2010-11-22
1;4;4;2;3;Geminis;;2010-11-20
1;7;6;1;4;Aries;;2010-11-19
1;8;5;4;1;Cancer;;2010-11-18
1;8;1;7;5;Libra;;2010-11-17
1;0;7;8;3;Aries;;2010-11-16
1;9;1;9;0;Virgo;;2010-11-13
1;3;0;2;9;Virgo;;2010-11-12
1;0;2;9;5;Sagitario;;2010-11-11
1;3;8;0;6;Escorpion;;2010-11-10
1;1;8;7;3;Virgo;;2010-11-09
1;3;3;5;0;Capricornio;;2010-11-08
1;5;0;6;8;Acuario;;2010-11-06
1;9;5;1;6;Cancer;;2010-11-05
1;3;9;7;8;Geminis;;2010-11-04
1;1;4;4;6;Cancer;;2010-11-03
1;1;9;4;6;Aries;;2010-11-02
1;9;9;0;2;Piscis;;2010-10-30
1;5;6;0;1;Tauro;;2010-10-29
1;7;3;6;5;Piscis;;2010-10-28
1;2;4;5;0;Capricornio;;2010-10-27
1;3;7;2;3;Capricornio;;2010-10-26
1;4;7;1;7;Acuario;;2010-10-25
1;4;1;3;7;Acuario;;2010-10-23
1;1;0;3;5;Capricornio;;2010-10-22
1;4;5;5;9;Acuario;;2010-10-21
1;3;8;7;0;Escorpion;;2010-10-20
1;8;2;7;7;Libra;;2010-10-19
1;4;5;8;9;Cancer;;2010-10-16
1;0;7;9;1;Leo;;2010-10-15
1;9;0;1;7;Acuario;;2010-10-14
1;0;6;8;3;Geminis;;2010-10-13
1;3;7;3;4;Libra;;2010-10-12
1;5;9;9;2;Acuario;;2010-10-11
1;5;0;7;6;Capricornio;;2010-10-09
1;1;0;7;8;Acuario;;2010-10-08
1;2;9;5;5;Tauro;;2010-10-07
1;0;4;0;4;Leo;;2010-10-06
1;4;5;9;3;Cancer;;2010-10-05
1;6;9;0;4;Virgo;;2010-10-04
1;3;1;5;4;Cancer;;2010-10-02
1;0;7;3;7;Capricornio;;2010-10-01
1;4;0;0;2;Cancer;;2010-09-30
1;1;5;6;5;Capricornio;;2010-09-29
1;8;1;5;1;Geminis;;2010-09-28
1;0;7;6;7;Acuario;;2010-09-27
1;9;5;2;8;Capricornio;;2010-09-25
1;4;3;4;4;Libra;;2010-09-24
1;0;5;3;2;Aries;;2010-09-23
1;4;9;2;4;Libra;;2010-09-22
1;1;8;7;3;Libra;;2010-09-21
1;2;8;0;7;Virgo;;2010-09-20
1;3;5;7;9;Tauro;;2010-09-18
1;7;1;7;9;Cancer;;2010-09-17
1;1;0;5;2;Leo;;2010-09-16
1;0;3;8;6;Acuario;;2010-09-15
1;7;6;9;1;Aries;;2010-09-14
1;3;7;0;1;Acuario;;2010-09-13
1;2;1;2;1;Aries;;2010-09-11
1;5;0;6;4;Sagitario;;2010-09-10
1;9;4;5;8;Acuario;;2010-09-09
1;2;0;7;7;Tauro;;2010-09-08
1;8;3;5;9;Cancer;;2010-09-07
1;6;9;6;9;Virgo;;2010-09-06
1;4;0;3;9;Aries;;2010-09-04
1;7;1;0;1;Geminis;;2010-09-03
1;9;7;1;4;SAGITARIO;;2010-09-02
1;8;2;5;9;GEMINIS;;2010-09-01
1;4;7;8;1;ARIES;;2010-08-31
1;3;5;0;9;ACUARIO;;2010-08-30
1;3;7;2;5;LEO;;2010-08-28
1;1;5;1;4;LEO;;2010-08-27
1;1;6;3;5;GEMINIS;;2010-08-26
1;1;7;8;6;VIRGO;;2010-08-25
1;3;9;0;0;ESCORPION;;2010-08-24
1;2;4;7;9;ESCORPION;;2010-08-23
1;7;9;3;5;SAGITARIO;;2010-08-21
1;3;7;3;8;ESCORPION;;2010-08-20
1;8;5;8;7;CANCER;;2010-08-19
1;5;4;0;2;PISCIS;;2010-08-18
1;7;8;2;5;ARIES;;2010-08-17
1;6;0;1;2;SAGITARIO;;2010-08-14
1;0;1;9;8;ARIES;;2010-08-13
1;1;6;5;4;LIBRA;;2010-08-12
1;9;1;9;8;ACUARIO;;2010-08-11
1;4;7;3;5;CAPRICORNIO;;2010-08-10
1;7;4;1;0;CANCER;;2010-08-09
1;3;7;1;5;LEO;;2010-08-06
1;0;8;7;0;SAGITARIO;;2010-08-05
1;2;0;8;9;ARIES;;2010-08-04
1;2;9;3;4;ACUARIO;;2010-08-03
1;0;5;7;5;CANCER;;2010-08-02
1;9;6;9;6;LEO;;2010-07-31
1;0;1;3;2;SAGITARIO;;2010-07-30
1;6;6;3;6;SAGITARIO;;2010-07-29
1;7;8;3;1;LIBRA;;2010-07-28
1;9;0;9;0;ACUARIO;;2010-07-27
1;3;4;7;3;ARIES;;2010-07-26
1;5;2;4;2;TAURO;;2010-07-24
1;6;1;6;6;PISCIS;;2010-07-23
1;4;8;0;5;SAGITARIO;;2010-07-22
1;3;2;5;4;CANCER;;2010-07-21
1;6;2;6;5;TAURO;;2010-07-19
1;9;6;4;7;CANCER;;2010-07-17
1;7;9;5;0;PISCIS;;2010-07-16
1;0;4;2;4;ESCORPION;;2010-07-15
1;9;4;0;8;LIBRA;;2010-07-14
1;1;2;8;0;VIRGO;;2010-07-13
1;0;6;5;1;CANCER;;2010-07-12
1;6;6;6;5;PISCIS;;2010-07-10
1;4;5;8;9;CANCER;;2010-07-09
1;2;7;5;8;GEMINIS;;2010-07-08
1;6;2;6;1;ACUARIO;;2010-07-07
1;5;0;7;9;SAGITARIO;;2010-07-06
1;0;6;0;0;VIRGO;;2010-07-03
1;7;9;3;4;LIBRA;;2010-07-02
1;7;8;0;1;LEO;;2010-07-01
1;4;7;6;4;SAGITARIO;;2010-06-30
1;2;4;8;3;ACUARIO;;2010-06-29
1;6;2;7;2;LIBRA;;2010-06-28
1;2;8;6;9;PISCIS;;2010-06-26
1;4;4;2;8;SAGITARIO;;2010-06-25
1;3;2;6;3;PISCIS;;2010-06-24
1;1;0;9;5;VIRGO;;2010-06-23
1;4;4;7;2;ARIES;;2010-06-22
1;5;5;2;7;VIRGO;;2010-06-21
1;5;7;0;0;CAPRICORNIO;;2010-06-19
1;1;9;8;1;VIRGO;;2010-06-18
1;8;1;6;4;VIRGO;;2010-06-17
1;6;2;9;6;CANCER;;2010-06-16
1;3;6;3;1;VIRGO;;2010-06-15
1;1;4;2;6;ACUARIO;;2010-06-12
1;9;4;4;2;ACUARIO;;2010-06-11
1;0;1;2;2;ARIES;;2010-06-10
1;5;5;4;4;CANCER;;2010-06-09
1;6;3;9;1;LIBRA;;2010-06-06
1;2;6;1;2;PISCIS;;2010-06-05
1;9;4;7;3;PISCIS;;2010-06-04
1;7;1;7;3;LIBRA;;2010-06-03
1;3;9;2;5;ARIES;;2010-06-02